filename,width,height,class,xmin,ymin,xmax,ymax
238710313_jpg.rf.1f514ff980596e2881295e9d9efb178a.jpg,640,640,Muddy-Floor,170,349,554,572
238710313_jpg.rf.1f514ff980596e2881295e9d9efb178a.jpg,640,640,Muddy-Floor,206,163,474,333
238710313_jpg.rf.1f514ff980596e2881295e9d9efb178a.jpg,640,640,Stain,205,1,521,191
238710313_jpg.rf.1f514ff980596e2881295e9d9efb178a.jpg,640,640,Stain,561,250,640,463
238710313_jpg.rf.1f514ff980596e2881295e9d9efb178a.jpg,640,640,Stain,488,268,558,294
238710313_jpg.rf.1f514ff980596e2881295e9d9efb178a.jpg,640,640,Muddy-Floor,492,275,578,341
238710313_jpg.rf.1f514ff980596e2881295e9d9efb178a.jpg,640,640,Stain,242,363,314,448
238710313_jpg.rf.1f514ff980596e2881295e9d9efb178a.jpg,640,640,Muddy-Floor,293,306,314,363
238710313_jpg.rf.1f514ff980596e2881295e9d9efb178a.jpg,640,640,Stain,613,492,640,572
images-2-_jpeg.rf.da0ebc22b487df07e0d37e649f30ab4c.jpg,640,640,Muddy-Floor,124,218,492,640
images-2-_jpeg.rf.da0ebc22b487df07e0d37e649f30ab4c.jpg,640,640,Stain,96,41,507,413
images-2-_jpeg.rf.da0ebc22b487df07e0d37e649f30ab4c.jpg,640,640,Stain,445,220,640,640
images-2-_jpeg.rf.da0ebc22b487df07e0d37e649f30ab4c.jpg,640,640,Stain,396,0,550,53
SquatEase_WDO_Empathy-compressed_Page_17_jpg.rf.5cf813616e35ac6f1130f983e3342372.jpg,640,640,Muddy-Floor,1,0,640,640
bus-stand-public-toilet-5767453_jpg.rf.228a9ab26ed3a07eb10185b2eb9f6784.jpg,640,640,Muddy-Floor,0,290,640,640
bus-stand-public-toilet-5767453_jpg.rf.228a9ab26ed3a07eb10185b2eb9f6784.jpg,640,640,Stain,0,183,369,424
bus-stand-public-toilet-5767453_jpg.rf.228a9ab26ed3a07eb10185b2eb9f6784.jpg,640,640,Stain,407,329,549,377
Dirty_toilet_in_Pal_Garden_1_jpg.rf.7266c3905c843ac30cf8047ba060491c.jpg,640,640,Muddy-Floor,0,219,633,640
Dirty_toilet_in_Pal_Garden_1_jpg.rf.7266c3905c843ac30cf8047ba060491c.jpg,640,640,Muddy-Floor,20,40,260,215
Dirty_toilet_in_Pal_Garden_1_jpg.rf.7266c3905c843ac30cf8047ba060491c.jpg,640,640,Stain,397,5,432,26
20573494920_141c45d0c5_b_jpg.rf.a6eb061e3f33a09edb3d9a97c2b2ecad.jpg,640,640,Stain,109,91,377,585
20573494920_141c45d0c5_b_jpg.rf.a6eb061e3f33a09edb3d9a97c2b2ecad.jpg,640,640,Stain,105,412,522,615
20573494920_141c45d0c5_b_jpg.rf.a6eb061e3f33a09edb3d9a97c2b2ecad.jpg,640,640,Stain,294,153,640,488
20573494920_141c45d0c5_b_jpg.rf.a6eb061e3f33a09edb3d9a97c2b2ecad.jpg,640,640,Stain,496,223,608,298
6026168093_1ca59322c4_k_jpg.rf.bf7c35c42d3b89ec980e756fa9aeafd4.jpg,640,640,Stain,84,367,452,454
6026168093_1ca59322c4_k_jpg.rf.bf7c35c42d3b89ec980e756fa9aeafd4.jpg,640,640,Stain,499,372,598,482
6026168093_1ca59322c4_k_jpg.rf.bf7c35c42d3b89ec980e756fa9aeafd4.jpg,640,640,Stain,572,545,599,640
6026168093_1ca59322c4_k_jpg.rf.bf7c35c42d3b89ec980e756fa9aeafd4.jpg,640,640,Stain,496,481,584,524
pics4learning_jpg.rf.2cf8cb7fa1fe8e763c272208d9ef8f93.jpg,640,640,Stain,127,83,566,640
pics4learning_jpg.rf.2cf8cb7fa1fe8e763c272208d9ef8f93.jpg,640,640,Stain,75,20,162,637
pics4learning_jpg.rf.2cf8cb7fa1fe8e763c272208d9ef8f93.jpg,640,640,Stain,548,171,577,527
a95ac6d7ee1c52820f0fce55ba7082cc_jpg.rf.0a01778dea4b06ea6bc3ab6790e81bba.jpg,640,640,Stain,1,137,640,640
a95ac6d7ee1c52820f0fce55ba7082cc_jpg.rf.0a01778dea4b06ea6bc3ab6790e81bba.jpg,640,640,Muddy-Floor,91,272,614,599
a95ac6d7ee1c52820f0fce55ba7082cc_jpg.rf.0a01778dea4b06ea6bc3ab6790e81bba.jpg,640,640,Muddy-Floor,187,417,232,484
a95ac6d7ee1c52820f0fce55ba7082cc_jpg.rf.0a01778dea4b06ea6bc3ab6790e81bba.jpg,640,640,Muddy-Floor,410,555,635,639
a95ac6d7ee1c52820f0fce55ba7082cc_jpg.rf.0a01778dea4b06ea6bc3ab6790e81bba.jpg,640,640,Muddy-Floor,29,473,126,640
a95ac6d7ee1c52820f0fce55ba7082cc_jpg.rf.0a01778dea4b06ea6bc3ab6790e81bba.jpg,640,640,Muddy-Floor,487,299,556,375
a95ac6d7ee1c52820f0fce55ba7082cc_jpg.rf.0a01778dea4b06ea6bc3ab6790e81bba.jpg,640,640,Stain,413,126,482,263
Ew6h-CuVIAEXaGG_jpg.rf.05837850b05fb6ee2230687c7ea33377.jpg,640,640,Stain,293,302,400,424
Ew6h-CuVIAEXaGG_jpg.rf.05837850b05fb6ee2230687c7ea33377.jpg,640,640,Stain,0,82,437,195
Ew6h-CuVIAEXaGG_jpg.rf.05837850b05fb6ee2230687c7ea33377.jpg,640,640,Stain,66,304,215,374
Ew6h-CuVIAEXaGG_jpg.rf.05837850b05fb6ee2230687c7ea33377.jpg,640,640,Stain,314,158,327,209
Ew6h-CuVIAEXaGG_jpg.rf.05837850b05fb6ee2230687c7ea33377.jpg,640,640,Muddy-Floor,235,483,275,514
2010-07-06-one-toilet-for-53-people_jpg.rf.f27c44492f08607e1f62eaab89edef71.jpg,640,640,Muddy-Floor,213,380,542,640
2010-07-06-one-toilet-for-53-people_jpg.rf.f27c44492f08607e1f62eaab89edef71.jpg,640,640,Stain,339,333,504,509
2010-07-06-one-toilet-for-53-people_jpg.rf.f27c44492f08607e1f62eaab89edef71.jpg,640,640,Stain,371,334,466,358
2010-07-06-one-toilet-for-53-people_jpg.rf.f27c44492f08607e1f62eaab89edef71.jpg,640,640,Stain,170,1,582,640
IMG_2661_jpg.rf.3046a969402c6414dc3853c97fc03770.jpg,640,640,Muddy-Floor,0,0,640,339
2018_9-largeimg04_Tuesday_2018_231251348_jpg.rf.0a391f6491185f9732b320fdd978f7a1.jpg,640,640,Stain,168,163,409,562
2018_9-largeimg04_Tuesday_2018_231251348_jpg.rf.0a391f6491185f9732b320fdd978f7a1.jpg,640,640,Stain,168,525,425,640
1291323_Wallpaper2_jpg.rf.a645ce6598b82d04dda9a28f6cef6a49.jpg,640,640,Stain,436,189,523,323
1291323_Wallpaper2_jpg.rf.a645ce6598b82d04dda9a28f6cef6a49.jpg,640,640,Stain,247,160,306,292
1291323_Wallpaper2_jpg.rf.a645ce6598b82d04dda9a28f6cef6a49.jpg,640,640,Stain,320,192,333,229
1291323_Wallpaper2_jpg.rf.a645ce6598b82d04dda9a28f6cef6a49.jpg,640,640,Stain,536,206,551,250
1291323_Wallpaper2_jpg.rf.a645ce6598b82d04dda9a28f6cef6a49.jpg,640,640,Stain,120,150,139,223
1291323_Wallpaper2_jpg.rf.a645ce6598b82d04dda9a28f6cef6a49.jpg,640,640,Stain,109,223,168,263
1291323_Wallpaper2_jpg.rf.a645ce6598b82d04dda9a28f6cef6a49.jpg,640,640,Stain,212,203,227,230
1291323_Wallpaper2_jpg.rf.a645ce6598b82d04dda9a28f6cef6a49.jpg,640,640,Stain,198,56,211,80
1291323_Wallpaper2_jpg.rf.a645ce6598b82d04dda9a28f6cef6a49.jpg,640,640,Stain,373,8,403,267
1291323_Wallpaper2_jpg.rf.a645ce6598b82d04dda9a28f6cef6a49.jpg,640,640,Stain,273,10,286,35
1291323_Wallpaper2_jpg.rf.a645ce6598b82d04dda9a28f6cef6a49.jpg,640,640,Stain,127,29,141,53
1291323_Wallpaper2_jpg.rf.a645ce6598b82d04dda9a28f6cef6a49.jpg,640,640,Stain,59,288,601,512
1291323_Wallpaper2_jpg.rf.a645ce6598b82d04dda9a28f6cef6a49.jpg,640,640,Muddy-Floor,0,368,578,640
toilet-bowl-that-flushes-out-rusty-dirty-water-close-up-top-view-photo_jpg.rf.82872e5f54ce18a300a3c8cd48445330.jpg,640,640,Muddy-Floor,118,165,514,430
toilet-bowl-that-flushes-out-rusty-dirty-water-close-up-top-view-photo_jpg.rf.82872e5f54ce18a300a3c8cd48445330.jpg,640,640,Muddy-Floor,0,131,639,640
1551353549186_WhatsApp-Image-2019-01-25-at-5-23-11-PM-1-_jpeg.rf.ea2ea96042af9b92f88bec799a3bb22a.jpg,640,640,Stain,132,208,349,305
1551353549186_WhatsApp-Image-2019-01-25-at-5-23-11-PM-1-_jpeg.rf.ea2ea96042af9b92f88bec799a3bb22a.jpg,640,640,Stain,428,260,597,335
1551353549186_WhatsApp-Image-2019-01-25-at-5-23-11-PM-1-_jpeg.rf.ea2ea96042af9b92f88bec799a3bb22a.jpg,640,640,Muddy-Floor,402,584,427,605
1551353549186_WhatsApp-Image-2019-01-25-at-5-23-11-PM-1-_jpeg.rf.ea2ea96042af9b92f88bec799a3bb22a.jpg,640,640,Stain,512,465,640,640
1551353549186_WhatsApp-Image-2019-01-25-at-5-23-11-PM-1-_jpeg.rf.ea2ea96042af9b92f88bec799a3bb22a.jpg,640,640,Muddy-Floor,91,485,145,573
4915210701_f58afff809_c_jpg.rf.3ca05327991e5d2b69b6efd8e93468d0.jpg,640,640,Stain,0,305,388,413
4915210701_f58afff809_c_jpg.rf.3ca05327991e5d2b69b6efd8e93468d0.jpg,640,640,Muddy-Floor,71,379,154,414
4915210701_f58afff809_c_jpg.rf.3ca05327991e5d2b69b6efd8e93468d0.jpg,640,640,Muddy-Floor,0,416,78,457
4915210701_f58afff809_c_jpg.rf.3ca05327991e5d2b69b6efd8e93468d0.jpg,640,640,Muddy-Floor,163,417,408,522
4915210701_f58afff809_c_jpg.rf.3ca05327991e5d2b69b6efd8e93468d0.jpg,640,640,Muddy-Floor,112,325,287,368
4915210701_f58afff809_c_jpg.rf.3ca05327991e5d2b69b6efd8e93468d0.jpg,640,640,Muddy-Floor,58,509,462,640
4915210701_f58afff809_c_jpg.rf.3ca05327991e5d2b69b6efd8e93468d0.jpg,640,640,Muddy-Floor,0,581,57,640
4915210701_f58afff809_c_jpg.rf.3ca05327991e5d2b69b6efd8e93468d0.jpg,640,640,Stain,414,449,588,640
Dirty_pour_flush_toilet_for_2nd_grade_-7415067436-_jpg.rf.fdbcc775b89cc7b993727f3435ffdc7d.jpg,640,640,Muddy-Floor,105,124,579,640
Dirty_pour_flush_toilet_for_2nd_grade_-7415067436-_jpg.rf.fdbcc775b89cc7b993727f3435ffdc7d.jpg,640,640,Muddy-Floor,284,223,364,312
Dirty_pour_flush_toilet_for_2nd_grade_-7415067436-_jpg.rf.fdbcc775b89cc7b993727f3435ffdc7d.jpg,640,640,Stain,82,200,256,446
Dirty_pour_flush_toilet_for_2nd_grade_-7415067436-_jpg.rf.fdbcc775b89cc7b993727f3435ffdc7d.jpg,640,640,Stain,333,87,369,134
Dirty_pour_flush_toilet_for_2nd_grade_-7415067436-_jpg.rf.fdbcc775b89cc7b993727f3435ffdc7d.jpg,640,640,Stain,549,188,607,272
star-house-keeping-services-tirupati-city-tirupati-water-tank-cleaning-services-jdqese7sdc_jpg.rf.956e6fd14f2d736f67868178b2b75f27.jpg,640,640,Muddy-Floor,0,168,591,640
star-house-keeping-services-tirupati-city-tirupati-water-tank-cleaning-services-jdqese7sdc_jpg.rf.956e6fd14f2d736f67868178b2b75f27.jpg,640,640,Stain,279,175,375,213
star-house-keeping-services-tirupati-city-tirupati-water-tank-cleaning-services-jdqese7sdc_jpg.rf.956e6fd14f2d736f67868178b2b75f27.jpg,640,640,Stain,65,69,282,267
star-house-keeping-services-tirupati-city-tirupati-water-tank-cleaning-services-jdqese7sdc_jpg.rf.956e6fd14f2d736f67868178b2b75f27.jpg,640,640,Stain,359,24,614,409
51719715_f360dc3e98_o_jpg.rf.b1231ec3e8f066afb3e73eb50d11e47c.jpg,640,640,Stain,58,254,411,329
51719715_f360dc3e98_o_jpg.rf.b1231ec3e8f066afb3e73eb50d11e47c.jpg,640,640,Stain,251,353,365,456
51719715_f360dc3e98_o_jpg.rf.b1231ec3e8f066afb3e73eb50d11e47c.jpg,640,640,Stain,183,327,225,399
51719715_f360dc3e98_o_jpg.rf.b1231ec3e8f066afb3e73eb50d11e47c.jpg,640,640,Stain,390,336,448,454
51719715_f360dc3e98_o_jpg.rf.b1231ec3e8f066afb3e73eb50d11e47c.jpg,640,640,Stain,438,192,562,473
51719715_f360dc3e98_o_jpg.rf.b1231ec3e8f066afb3e73eb50d11e47c.jpg,640,640,Stain,515,0,627,81
51719715_f360dc3e98_o_jpg.rf.b1231ec3e8f066afb3e73eb50d11e47c.jpg,640,640,Stain,24,176,96,295
GettyImages-469843426-e1565258615894_jpg.rf.b951e68f59f8f76026cf8c1379ec373f.jpg,640,640,Muddy-Floor,97,461,516,640
GettyImages-469843426-e1565258615894_jpg.rf.b951e68f59f8f76026cf8c1379ec373f.jpg,640,640,Stain,257,355,348,390
GettyImages-469843426-e1565258615894_jpg.rf.b951e68f59f8f76026cf8c1379ec373f.jpg,640,640,Stain,357,381,524,640
GettyImages-469843426-e1565258615894_jpg.rf.b951e68f59f8f76026cf8c1379ec373f.jpg,640,640,Stain,161,406,251,469
bathroom-tile-cleaning_jpg.rf.833c75b5e2867cd62a0291016dac4e12.jpg,640,640,Muddy-Floor,0,27,640,440
1672104703876_png.rf.e8da3609ba185f1f022a841e1ea2b076.jpg,640,640,Muddy-Floor,2,203,481,640
1672104703876_png.rf.e8da3609ba185f1f022a841e1ea2b076.jpg,640,640,Stain,42,184,75,453
1672104703876_png.rf.e8da3609ba185f1f022a841e1ea2b076.jpg,640,640,Muddy-Floor,601,332,639,605
sddefault_jpg.rf.2af672a41d6ff2370a8bde3472fc44d7.jpg,640,640,Muddy-Floor,38,80,627,565
sddefault_jpg.rf.2af672a41d6ff2370a8bde3472fc44d7.jpg,640,640,Stain,0,79,128,440
27767929473_1a740b86c3_h_jpg.rf.f19481d6b0c4cf25f522fa6bb71de68e.jpg,640,640,Stain,109,207,540,275
27767929473_1a740b86c3_h_jpg.rf.f19481d6b0c4cf25f522fa6bb71de68e.jpg,640,640,Stain,543,250,640,400
toilet_vb_49_jpeg.rf.769e7071dd11f944177bf2841379277f.jpg,640,640,Muddy-Floor,186,405,634,640
toilet_vb_49_jpeg.rf.769e7071dd11f944177bf2841379277f.jpg,640,640,Muddy-Floor,179,197,277,392
toilet_vb_49_jpeg.rf.769e7071dd11f944177bf2841379277f.jpg,640,640,Muddy-Floor,501,207,599,500
toilet_vb_49_jpeg.rf.769e7071dd11f944177bf2841379277f.jpg,640,640,Stain,177,0,321,157
toilet_vb_49_jpeg.rf.769e7071dd11f944177bf2841379277f.jpg,640,640,Stain,93,521,160,611
5ca5d469dbac5197841a66d3c4feb233_jpg.rf.1a256bcb6bce2df2ac16bedb479e8a6b.jpg,640,640,Muddy-Floor,72,409,496,640
5ca5d469dbac5197841a66d3c4feb233_jpg.rf.1a256bcb6bce2df2ac16bedb479e8a6b.jpg,640,640,Stain,51,382,313,558
5ca5d469dbac5197841a66d3c4feb233_jpg.rf.1a256bcb6bce2df2ac16bedb479e8a6b.jpg,640,640,Stain,396,258,475,318
dscf1101_jpg.rf.cbd7aea2e8f3329e7eee7d2f16b5d283.jpg,640,640,Stain,272,257,382,381
dscf1101_jpg.rf.cbd7aea2e8f3329e7eee7d2f16b5d283.jpg,640,640,Muddy-Floor,376,261,435,388
dscf1101_jpg.rf.cbd7aea2e8f3329e7eee7d2f16b5d283.jpg,640,640,Muddy-Floor,207,239,343,390
dscf1101_jpg.rf.cbd7aea2e8f3329e7eee7d2f16b5d283.jpg,640,640,Muddy-Floor,159,94,391,267
dscf1101_jpg.rf.cbd7aea2e8f3329e7eee7d2f16b5d283.jpg,640,640,Stain,42,489,333,640
dscf1101_jpg.rf.cbd7aea2e8f3329e7eee7d2f16b5d283.jpg,640,640,Stain,179,387,518,560
dscf1101_jpg.rf.cbd7aea2e8f3329e7eee7d2f16b5d283.jpg,640,640,Stain,376,188,568,282
istockphoto-485672845-2048x2048_jpg.rf.53ab16c7e18da8e96d68ee66927c1f20.jpg,640,640,Muddy-Floor,50,377,550,640
istockphoto-485672845-2048x2048_jpg.rf.53ab16c7e18da8e96d68ee66927c1f20.jpg,640,640,Muddy-Floor,231,327,386,405
istockphoto-485672845-2048x2048_jpg.rf.53ab16c7e18da8e96d68ee66927c1f20.jpg,640,640,Stain,286,232,384,317
istockphoto-485672845-2048x2048_jpg.rf.53ab16c7e18da8e96d68ee66927c1f20.jpg,640,640,Stain,253,216,312,250
CessoSilver2_jpg.rf.3b575711988b4fb46add892e066cae3e.jpg,640,640,Stain,238,254,386,640
CessoSilver2_jpg.rf.3b575711988b4fb46add892e066cae3e.jpg,640,640,Stain,23,3,516,301
CessoSilver2_jpg.rf.3b575711988b4fb46add892e066cae3e.jpg,640,640,Muddy-Floor,92,288,254,640
CessoSilver2_jpg.rf.3b575711988b4fb46add892e066cae3e.jpg,640,640,Muddy-Floor,361,280,554,640
CessoSilver2_jpg.rf.3b575711988b4fb46add892e066cae3e.jpg,640,640,Stain,489,65,637,640
CessoSilver2_jpg.rf.3b575711988b4fb46add892e066cae3e.jpg,640,640,Stain,597,110,640,640
istockphoto-185096732-612x612_jpg.rf.adfd1ca81e7d26bc6ec662541f32554b.jpg,640,640,Muddy-Floor,52,303,519,640
istockphoto-185096732-612x612_jpg.rf.adfd1ca81e7d26bc6ec662541f32554b.jpg,640,640,Stain,50,126,182,439
istockphoto-185096732-612x612_jpg.rf.adfd1ca81e7d26bc6ec662541f32554b.jpg,640,640,Stain,202,229,381,308
istockphoto-185096732-612x612_jpg.rf.adfd1ca81e7d26bc6ec662541f32554b.jpg,640,640,Stain,280,269,442,476
istockphoto-185096732-612x612_jpg.rf.adfd1ca81e7d26bc6ec662541f32554b.jpg,640,640,Stain,292,412,432,570
IMG846339988_jpg.rf.dc11f1361447264954d1e7dfc2a64b3d.jpg,640,640,Muddy-Floor,255,242,518,411
IMG846339988_jpg.rf.dc11f1361447264954d1e7dfc2a64b3d.jpg,640,640,Stain,169,97,640,461
IMG846339988_jpg.rf.dc11f1361447264954d1e7dfc2a64b3d.jpg,640,640,Stain,0,321,197,465
IMG846339988_jpg.rf.dc11f1361447264954d1e7dfc2a64b3d.jpg,640,640,Stain,0,423,287,543
IMG846339988_jpg.rf.dc11f1361447264954d1e7dfc2a64b3d.jpg,640,640,Stain,1,255,145,316
BEFORE1_2_jpeg.rf.29dcd9443f24c2cce46d3a71385c93b0.jpg,640,640,Muddy-Floor,0,75,640,640
BEFORE1_2_jpeg.rf.29dcd9443f24c2cce46d3a71385c93b0.jpg,640,640,Stain,1,0,499,346
FYXuyNFagAADLoj_jpg.rf.2b3581630fc4c73122d773390b4fbd11.jpg,640,640,Muddy-Floor,80,418,640,640
FYXuyNFagAADLoj_jpg.rf.2b3581630fc4c73122d773390b4fbd11.jpg,640,640,Stain,194,237,345,391
FYXuyNFagAADLoj_jpg.rf.2b3581630fc4c73122d773390b4fbd11.jpg,640,640,Stain,185,0,354,260
FYXuyNFagAADLoj_jpg.rf.2b3581630fc4c73122d773390b4fbd11.jpg,640,640,Stain,547,129,640,412
FYXuyNFagAADLoj_jpg.rf.2b3581630fc4c73122d773390b4fbd11.jpg,640,640,Stain,429,223,487,264
FYXuyNFagAADLoj_jpg.rf.2b3581630fc4c73122d773390b4fbd11.jpg,640,640,Stain,76,329,565,535
FYXuyNFagAADLoj_jpg.rf.2b3581630fc4c73122d773390b4fbd11.jpg,640,640,Stain,435,44,549,91
Dt6hTFRX4AAPa-9_jpg.rf.aff45e450bd4a7df0520d4a30b583249.jpg,640,640,Stain,225,245,410,371
Dt6hTFRX4AAPa-9_jpg.rf.aff45e450bd4a7df0520d4a30b583249.jpg,640,640,Muddy-Floor,191,274,575,535
Dt6hTFRX4AAPa-9_jpg.rf.aff45e450bd4a7df0520d4a30b583249.jpg,640,640,Muddy-Floor,87,387,551,570
Dt6hTFRX4AAPa-9_jpg.rf.aff45e450bd4a7df0520d4a30b583249.jpg,640,640,Stain,0,0,415,588
Dt6hTFRX4AAPa-9_jpg.rf.aff45e450bd4a7df0520d4a30b583249.jpg,640,640,Muddy-Floor,143,221,414,347
toilets_jpg.rf.273bafd06850e6ef5cc4c04d3712d7fe.jpg,640,640,Muddy-Floor,186,365,640,640
toilets_jpg.rf.273bafd06850e6ef5cc4c04d3712d7fe.jpg,640,640,Stain,283,318,499,476
toilets_jpg.rf.273bafd06850e6ef5cc4c04d3712d7fe.jpg,640,640,Stain,518,310,637,545
toilets_jpg.rf.273bafd06850e6ef5cc4c04d3712d7fe.jpg,640,640,Stain,348,61,506,321
toilets_jpg.rf.273bafd06850e6ef5cc4c04d3712d7fe.jpg,640,640,Stain,534,51,639,315
toilets_jpg.rf.273bafd06850e6ef5cc4c04d3712d7fe.jpg,640,640,Stain,1,100,230,640
toilets_jpg.rf.273bafd06850e6ef5cc4c04d3712d7fe.jpg,640,640,Stain,356,197,424,278
toilets_jpg.rf.273bafd06850e6ef5cc4c04d3712d7fe.jpg,640,640,Stain,278,176,354,381
toilets_jpg.rf.273bafd06850e6ef5cc4c04d3712d7fe.jpg,640,640,Stain,505,12,569,99
2019_1-largeimg06_Sunday_2019_100039660_jpg.rf.a8794530d114aa2aa77294fdca0eae7f.jpg,640,640,Muddy-Floor,43,294,640,640
2019_1-largeimg06_Sunday_2019_100039660_jpg.rf.a8794530d114aa2aa77294fdca0eae7f.jpg,640,640,Stain,46,140,73,177
Quarry-Tiled-Kitchen-Floor-Bucklebury-During-Cleaning-111244_jpg.rf.8d471243fc9a388d95f0d67918a7c9fa.jpg,640,640,Muddy-Floor,0,249,640,636
2g3mxgy_jpg.rf.646a2215f7093d60180ae4f72cef7d72.jpg,640,640,Stain,230,461,640,617
2g3mxgy_jpg.rf.646a2215f7093d60180ae4f72cef7d72.jpg,640,640,Muddy-Floor,90,358,286,503
2g3mxgy_jpg.rf.646a2215f7093d60180ae4f72cef7d72.jpg,640,640,Muddy-Floor,72,222,540,469
5FBB7F85_JPG.rf.9cf0055d0f51c213e654fdfb0f2b2c3c.jpg,640,640,Muddy-Floor,144,29,598,632
5FBB7F85_JPG.rf.9cf0055d0f51c213e654fdfb0f2b2c3c.jpg,640,640,Stain,28,0,326,110
5FBB7F85_JPG.rf.9cf0055d0f51c213e654fdfb0f2b2c3c.jpg,640,640,Stain,0,149,52,269
5FBB7F85_JPG.rf.9cf0055d0f51c213e654fdfb0f2b2c3c.jpg,640,640,Stain,158,129,215,164
5FBB7F85_JPG.rf.9cf0055d0f51c213e654fdfb0f2b2c3c.jpg,640,640,Stain,87,111,234,245
5FBB7F85_JPG.rf.9cf0055d0f51c213e654fdfb0f2b2c3c.jpg,640,640,Stain,0,113,115,235
5FBB7F85_JPG.rf.9cf0055d0f51c213e654fdfb0f2b2c3c.jpg,640,640,Stain,512,186,628,412
5FBB7F85_JPG.rf.9cf0055d0f51c213e654fdfb0f2b2c3c.jpg,640,640,Stain,531,26,601,87
5FBB7F85_JPG.rf.9cf0055d0f51c213e654fdfb0f2b2c3c.jpg,640,640,Muddy-Floor,196,24,402,77
EEVH9smUUAEfmkE_jpg.rf.b1d4d1eea9c349e7adc3ac049d963789.jpg,640,640,Stain,4,157,535,640
EEVH9smUUAEfmkE_jpg.rf.b1d4d1eea9c349e7adc3ac049d963789.jpg,640,640,Stain,508,94,637,407
Pay_Toilet-Squatty_Potty-Red_Fort-Delhi-India-Greg_Goodman-AdventuresofaGoodMan-1-min_jpg.rf.ca9821c266f7ec1915d1e8495c795be6.jpg,640,640,Muddy-Floor,43,352,513,640
Pay_Toilet-Squatty_Potty-Red_Fort-Delhi-India-Greg_Goodman-AdventuresofaGoodMan-1-min_jpg.rf.ca9821c266f7ec1915d1e8495c795be6.jpg,640,640,Stain,268,429,365,502
Pay_Toilet-Squatty_Potty-Red_Fort-Delhi-India-Greg_Goodman-AdventuresofaGoodMan-1-min_jpg.rf.ca9821c266f7ec1915d1e8495c795be6.jpg,640,640,Stain,0,375,210,636
Pay_Toilet-Squatty_Potty-Red_Fort-Delhi-India-Greg_Goodman-AdventuresofaGoodMan-1-min_jpg.rf.ca9821c266f7ec1915d1e8495c795be6.jpg,640,640,Stain,413,248,513,375
Pay_Toilet-Squatty_Potty-Red_Fort-Delhi-India-Greg_Goodman-AdventuresofaGoodMan-1-min_jpg.rf.ca9821c266f7ec1915d1e8495c795be6.jpg,640,640,Stain,201,481,262,527
Pay_Toilet-Squatty_Potty-Red_Fort-Delhi-India-Greg_Goodman-AdventuresofaGoodMan-1-min_jpg.rf.ca9821c266f7ec1915d1e8495c795be6.jpg,640,640,Stain,354,514,423,547
Ceramic-10_jpg.rf.20bde605a7a62eba96e83ccaf50edd5e.jpg,640,640,Muddy-Floor,1,0,386,640
5390208629_037bbea5f5_k_jpg.rf.01f8486feead72cdca2a882ffb6ade76.jpg,640,640,Stain,0,407,484,640
FQC5MVZakAEI3b6_jpg.rf.218845840942675994c530d8f0b16a43.jpg,640,640,Muddy-Floor,0,192,640,640
FQC5MVZakAEI3b6_jpg.rf.218845840942675994c530d8f0b16a43.jpg,640,640,Stain,0,0,97,279
FQC5MVZakAEI3b6_jpg.rf.218845840942675994c530d8f0b16a43.jpg,640,640,Stain,0,189,113,629
FQC5MVZakAEI3b6_jpg.rf.218845840942675994c530d8f0b16a43.jpg,640,640,Stain,244,152,372,229
FQC5MVZakAEI3b6_jpg.rf.218845840942675994c530d8f0b16a43.jpg,640,640,Muddy-Floor,191,85,409,198
FQC5MVZakAEI3b6_jpg.rf.218845840942675994c530d8f0b16a43.jpg,640,640,Stain,373,120,558,314
FQC5MVZakAEI3b6_jpg.rf.218845840942675994c530d8f0b16a43.jpg,640,640,Muddy-Floor,549,296,640,460
FQC5MVZakAEI3b6_jpg.rf.218845840942675994c530d8f0b16a43.jpg,640,640,Muddy-Floor,452,0,640,67
F-RLO2GXEAAMN65_jpg.rf.5cdb262d5f9717de2af0c3b278931571.jpg,640,640,Stain,266,318,436,408
F-RLO2GXEAAMN65_jpg.rf.5cdb262d5f9717de2af0c3b278931571.jpg,640,640,Stain,310,433,403,482
F-RLO2GXEAAMN65_jpg.rf.5cdb262d5f9717de2af0c3b278931571.jpg,640,640,Stain,143,193,614,640
F-RLO2GXEAAMN65_jpg.rf.5cdb262d5f9717de2af0c3b278931571.jpg,640,640,Stain,1,0,538,235
F-RLO2GXEAAMN65_jpg.rf.5cdb262d5f9717de2af0c3b278931571.jpg,640,640,Muddy-Floor,0,212,253,640
F-RLO2GXEAAMN65_jpg.rf.5cdb262d5f9717de2af0c3b278931571.jpg,640,640,Muddy-Floor,159,493,605,640
F-RLO2GXEAAMN65_jpg.rf.5cdb262d5f9717de2af0c3b278931571.jpg,640,640,Muddy-Floor,575,450,640,640
F-RLO2GXEAAMN65_jpg.rf.5cdb262d5f9717de2af0c3b278931571.jpg,640,640,Muddy-Floor,548,351,639,461
F-RLO2GXEAAMN65_jpg.rf.5cdb262d5f9717de2af0c3b278931571.jpg,640,640,Muddy-Floor,525,193,638,340
F-RLO2GXEAAMN65_jpg.rf.5cdb262d5f9717de2af0c3b278931571.jpg,640,640,Stain,601,367,640,420
F-RLO2GXEAAMN65_jpg.rf.5cdb262d5f9717de2af0c3b278931571.jpg,640,640,Muddy-Floor,384,212,496,288
F-RLO2GXEAAMN65_jpg.rf.5cdb262d5f9717de2af0c3b278931571.jpg,640,640,Stain,319,208,372,237
F-RLO2GXEAAMN65_jpg.rf.5cdb262d5f9717de2af0c3b278931571.jpg,640,640,Muddy-Floor,62,123,112,167
F-RLO2GXEAAMN65_jpg.rf.5cdb262d5f9717de2af0c3b278931571.jpg,640,640,Muddy-Floor,126,68,304,186
EV1TYu1WAAA7gfv_jpg.rf.ca2dd3558814f543f49d12e91c58c3f3.jpg,640,640,Muddy-Floor,16,333,522,640
EV1TYu1WAAA7gfv_jpg.rf.ca2dd3558814f543f49d12e91c58c3f3.jpg,640,640,Stain,1,148,570,640
EV1TYu1WAAA7gfv_jpg.rf.ca2dd3558814f543f49d12e91c58c3f3.jpg,640,640,Muddy-Floor,277,419,332,471
EV1TYu1WAAA7gfv_jpg.rf.ca2dd3558814f543f49d12e91c58c3f3.jpg,640,640,Stain,159,64,444,122
5622135736_0640713f9b_o_jpg.rf.865bcc8b524960795f3b743299f55b30.jpg,640,640,Muddy-Floor,208,310,367,516
5622135736_0640713f9b_o_jpg.rf.865bcc8b524960795f3b743299f55b30.jpg,640,640,Muddy-Floor,316,346,485,640
5622135736_0640713f9b_o_jpg.rf.865bcc8b524960795f3b743299f55b30.jpg,640,640,Stain,315,306,434,358
5622135736_0640713f9b_o_jpg.rf.865bcc8b524960795f3b743299f55b30.jpg,640,640,Stain,312,340,402,460
5622135736_0640713f9b_o_jpg.rf.865bcc8b524960795f3b743299f55b30.jpg,640,640,Stain,157,185,380,330
5622135736_0640713f9b_o_jpg.rf.865bcc8b524960795f3b743299f55b30.jpg,640,640,Stain,392,150,594,289
5622135736_0640713f9b_o_jpg.rf.865bcc8b524960795f3b743299f55b30.jpg,640,640,Muddy-Floor,420,258,456,281
5622135736_0640713f9b_o_jpg.rf.865bcc8b524960795f3b743299f55b30.jpg,640,640,Stain,521,311,640,640
5622135736_0640713f9b_o_jpg.rf.865bcc8b524960795f3b743299f55b30.jpg,640,640,Stain,181,511,231,622
1546844563220_25-STPD-GENTS-DIVYANG_jpeg.rf.ab9db8e7c97a601a3d1f0446cab59d54.jpg,640,640,Stain,342,366,448,470
1546844563220_25-STPD-GENTS-DIVYANG_jpeg.rf.ab9db8e7c97a601a3d1f0446cab59d54.jpg,640,640,Stain,196,373,312,435
1546844563220_25-STPD-GENTS-DIVYANG_jpeg.rf.ab9db8e7c97a601a3d1f0446cab59d54.jpg,640,640,Stain,35,362,81,415
1546844563220_25-STPD-GENTS-DIVYANG_jpeg.rf.ab9db8e7c97a601a3d1f0446cab59d54.jpg,640,640,Stain,392,278,640,465
1546844563220_25-STPD-GENTS-DIVYANG_jpeg.rf.ab9db8e7c97a601a3d1f0446cab59d54.jpg,640,640,Stain,316,346,356,380
1546844563220_25-STPD-GENTS-DIVYANG_jpeg.rf.ab9db8e7c97a601a3d1f0446cab59d54.jpg,640,640,Muddy-Floor,554,467,571,480
1546844563220_25-STPD-GENTS-DIVYANG_jpeg.rf.ab9db8e7c97a601a3d1f0446cab59d54.jpg,640,640,Muddy-Floor,387,492,458,515
1546844563220_25-STPD-GENTS-DIVYANG_jpeg.rf.ab9db8e7c97a601a3d1f0446cab59d54.jpg,640,640,Stain,155,344,268,402
1546844563220_25-STPD-GENTS-DIVYANG_jpeg.rf.ab9db8e7c97a601a3d1f0446cab59d54.jpg,640,640,Muddy-Floor,69,466,94,539
1546844563220_25-STPD-GENTS-DIVYANG_jpeg.rf.ab9db8e7c97a601a3d1f0446cab59d54.jpg,640,640,Stain,128,491,155,585
looking-into-a-scrapped-toilet-cart-at-a-scrapyard-in-germany-W8CAYH_jpg.rf.588d7dcd81fcea64348b9028c91b78cb.jpg,640,640,Muddy-Floor,65,267,622,584
looking-into-a-scrapped-toilet-cart-at-a-scrapyard-in-germany-W8CAYH_jpg.rf.588d7dcd81fcea64348b9028c91b78cb.jpg,640,640,Muddy-Floor,198,202,300,272
hq720_jpg.rf.840e41c620b698f78e37956b186cb06f.jpg,640,640,Stain,225,178,360,606
hq720_jpg.rf.840e41c620b698f78e37956b186cb06f.jpg,640,640,Muddy-Floor,352,158,543,640
hq720_jpg.rf.840e41c620b698f78e37956b186cb06f.jpg,640,640,Stain,2,258,32,378
hq720_jpg.rf.840e41c620b698f78e37956b186cb06f.jpg,640,640,Muddy-Floor,199,58,374,291
hq720_jpg.rf.840e41c620b698f78e37956b186cb06f.jpg,640,640,Muddy-Floor,125,283,217,547
DcPPSJSXUAInwZk_jpg.rf.7854d2bff038f1b60b59bf189d4f0268.jpg,640,640,Muddy-Floor,0,466,270,640
DcPPSJSXUAInwZk_jpg.rf.7854d2bff038f1b60b59bf189d4f0268.jpg,640,640,Muddy-Floor,97,233,168,281
DcPPSJSXUAInwZk_jpg.rf.7854d2bff038f1b60b59bf189d4f0268.jpg,640,640,Muddy-Floor,353,425,528,640
DcPPSJSXUAInwZk_jpg.rf.7854d2bff038f1b60b59bf189d4f0268.jpg,640,640,Stain,0,113,287,640
DcPPSJSXUAInwZk_jpg.rf.7854d2bff038f1b60b59bf189d4f0268.jpg,640,640,Stain,93,35,169,257
DcPPSJSXUAInwZk_jpg.rf.7854d2bff038f1b60b59bf189d4f0268.jpg,640,640,Stain,365,77,561,566
30725689_cede547bc7_b_jpg.rf.71dcc32cdd2ae50ab42b848adc121427.jpg,640,640,Stain,6,509,87,627
30725689_cede547bc7_b_jpg.rf.71dcc32cdd2ae50ab42b848adc121427.jpg,640,640,Stain,532,590,585,640
30725689_cede547bc7_b_jpg.rf.71dcc32cdd2ae50ab42b848adc121427.jpg,640,640,Stain,350,230,363,248
GC6qvbxWYAAncgQ_jpg.rf.66abfc713fa23fdb379cc3599f3fcf31.jpg,640,640,Muddy-Floor,147,102,370,165
GC6qvbxWYAAncgQ_jpg.rf.66abfc713fa23fdb379cc3599f3fcf31.jpg,640,640,Muddy-Floor,233,306,355,372
GC6qvbxWYAAncgQ_jpg.rf.66abfc713fa23fdb379cc3599f3fcf31.jpg,640,640,Muddy-Floor,219,249,347,302
GC6qvbxWYAAncgQ_jpg.rf.66abfc713fa23fdb379cc3599f3fcf31.jpg,640,640,Muddy-Floor,25,276,637,640
GC6qvbxWYAAncgQ_jpg.rf.66abfc713fa23fdb379cc3599f3fcf31.jpg,640,640,Stain,474,306,640,586
GC6qvbxWYAAncgQ_jpg.rf.66abfc713fa23fdb379cc3599f3fcf31.jpg,640,640,Stain,17,202,219,313
worst-dscf2182_jpg.rf.edf83d19626c71ff00c1c268fde746c7.jpg,640,640,Muddy-Floor,67,56,525,640
_104310947_whatsappimage2018-11-13at11-18-02-1_jpg.rf.59f1e097373d646d85fef21ff3c91ec4.jpg,640,640,Muddy-Floor,246,253,484,535
_104310947_whatsappimage2018-11-13at11-18-02-1_jpg.rf.59f1e097373d646d85fef21ff3c91ec4.jpg,640,640,Stain,235,138,567,640
_104310947_whatsappimage2018-11-13at11-18-02-1_jpg.rf.59f1e097373d646d85fef21ff3c91ec4.jpg,640,640,Stain,215,1,640,506
_104310947_whatsappimage2018-11-13at11-18-02-1_jpg.rf.59f1e097373d646d85fef21ff3c91ec4.jpg,640,640,Stain,88,2,277,640
FBBD_VPVgAQSMgf_jpeg.rf.4f26edd3cdc47ac478878bd1546de43b.jpg,640,640,Muddy-Floor,0,359,640,640
FBBD_VPVgAQSMgf_jpeg.rf.4f26edd3cdc47ac478878bd1546de43b.jpg,640,640,Stain,0,229,552,406
FBBD_VPVgAQSMgf_jpeg.rf.4f26edd3cdc47ac478878bd1546de43b.jpg,640,640,Stain,508,173,636,324
FBBD_VPVgAQSMgf_jpeg.rf.4f26edd3cdc47ac478878bd1546de43b.jpg,640,640,Stain,80,171,251,275
FBBD_VPVgAQSMgf_jpeg.rf.4f26edd3cdc47ac478878bd1546de43b.jpg,640,640,Stain,91,222,186,266
FBBD_VPVgAQSMgf_jpeg.rf.4f26edd3cdc47ac478878bd1546de43b.jpg,640,640,Muddy-Floor,438,252,511,271
squat-toilet-asia-5a89f123119fa800373b15b0_jpg.rf.2eb433a8b89882540b2bc4e124362a2f.jpg,640,640,Muddy-Floor,16,492,367,639
squat-toilet-asia-5a89f123119fa800373b15b0_jpg.rf.2eb433a8b89882540b2bc4e124362a2f.jpg,640,640,Muddy-Floor,285,265,344,364
squat-toilet-asia-5a89f123119fa800373b15b0_jpg.rf.2eb433a8b89882540b2bc4e124362a2f.jpg,640,640,Muddy-Floor,474,269,586,460
squat-toilet-asia-5a89f123119fa800373b15b0_jpg.rf.2eb433a8b89882540b2bc4e124362a2f.jpg,640,640,Stain,272,375,320,460
squat-toilet-asia-5a89f123119fa800373b15b0_jpg.rf.2eb433a8b89882540b2bc4e124362a2f.jpg,640,640,Stain,476,451,618,640
squat-toilet-asia-5a89f123119fa800373b15b0_jpg.rf.2eb433a8b89882540b2bc4e124362a2f.jpg,640,640,Stain,89,112,151,237
squat-toilet-asia-5a89f123119fa800373b15b0_jpg.rf.2eb433a8b89882540b2bc4e124362a2f.jpg,640,640,Stain,281,134,369,237
squat-toilet-asia-5a89f123119fa800373b15b0_jpg.rf.2eb433a8b89882540b2bc4e124362a2f.jpg,640,640,Muddy-Floor,475,185,573,277
Optimized-1-main-cover_jpg.rf.26e015e33c69e0927c5c4a8fa48110fb.jpg,640,640,Muddy-Floor,32,499,208,620
Optimized-1-main-cover_jpg.rf.26e015e33c69e0927c5c4a8fa48110fb.jpg,640,640,Muddy-Floor,239,493,405,570
Optimized-1-main-cover_jpg.rf.26e015e33c69e0927c5c4a8fa48110fb.jpg,640,640,Muddy-Floor,433,491,557,545
Optimized-1-main-cover_jpg.rf.26e015e33c69e0927c5c4a8fa48110fb.jpg,640,640,Stain,45,262,212,567
Optimized-1-main-cover_jpg.rf.26e015e33c69e0927c5c4a8fa48110fb.jpg,640,640,Stain,240,234,299,504
Optimized-1-main-cover_jpg.rf.26e015e33c69e0927c5c4a8fa48110fb.jpg,640,640,Stain,71,572,210,640
Optimized-1-main-cover_jpg.rf.26e015e33c69e0927c5c4a8fa48110fb.jpg,640,640,Stain,428,271,596,541
Optimized-1-main-cover_jpg.rf.26e015e33c69e0927c5c4a8fa48110fb.jpg,640,640,Stain,451,541,615,640
EfCNswAUEAEKUSC_jpg.rf.77d64b792a19fe4b5280d7c93c1e623c.jpg,640,640,Muddy-Floor,0,151,236,549
EfCNswAUEAEKUSC_jpg.rf.77d64b792a19fe4b5280d7c93c1e623c.jpg,640,640,Stain,153,271,475,463
EfCNswAUEAEKUSC_jpg.rf.77d64b792a19fe4b5280d7c93c1e623c.jpg,640,640,Stain,247,271,371,316
EfCNswAUEAEKUSC_jpg.rf.77d64b792a19fe4b5280d7c93c1e623c.jpg,640,640,Muddy-Floor,464,237,640,446
EfCNswAUEAEKUSC_jpg.rf.77d64b792a19fe4b5280d7c93c1e623c.jpg,640,640,Stain,3,396,270,640
photo-3-_jpg.rf.9d4a9babce65a0cd6cf1081f9c8b84fb.jpg,640,640,Stain,319,168,587,639
photo-3-_jpg.rf.9d4a9babce65a0cd6cf1081f9c8b84fb.jpg,640,640,Stain,105,237,261,545
photo-3-_jpg.rf.9d4a9babce65a0cd6cf1081f9c8b84fb.jpg,640,640,Muddy-Floor,24,521,107,627
grand-blue-saint-maria_jpg.rf.39af56adf5481bc440df8b636a85b4ce.jpg,640,640,Stain,359,390,432,433
grand-blue-saint-maria_jpg.rf.39af56adf5481bc440df8b636a85b4ce.jpg,640,640,Stain,180,395,374,464
grand-blue-saint-maria_jpg.rf.39af56adf5481bc440df8b636a85b4ce.jpg,640,640,Stain,187,361,264,400
grand-blue-saint-maria_jpg.rf.39af56adf5481bc440df8b636a85b4ce.jpg,640,640,Stain,284,351,359,384
grand-blue-saint-maria_jpg.rf.39af56adf5481bc440df8b636a85b4ce.jpg,640,640,Stain,357,335,437,391
grand-blue-saint-maria_jpg.rf.39af56adf5481bc440df8b636a85b4ce.jpg,640,640,Stain,336,279,362,292
grand-blue-saint-maria_jpg.rf.39af56adf5481bc440df8b636a85b4ce.jpg,640,640,Stain,537,453,587,499
grand-blue-saint-maria_jpg.rf.39af56adf5481bc440df8b636a85b4ce.jpg,640,640,Stain,192,280,343,382
grand-blue-saint-maria_jpg.rf.39af56adf5481bc440df8b636a85b4ce.jpg,640,640,Muddy-Floor,366,262,428,289
grand-blue-saint-maria_jpg.rf.39af56adf5481bc440df8b636a85b4ce.jpg,640,640,Muddy-Floor,479,335,584,369
images_jpeg.rf.6345ae14635de419ac529302e7abde38.jpg,640,640,Muddy-Floor,168,387,635,640
images_jpeg.rf.6345ae14635de419ac529302e7abde38.jpg,640,640,Stain,1,329,303,640
images_jpeg.rf.6345ae14635de419ac529302e7abde38.jpg,640,640,Stain,305,340,443,402
images_jpeg.rf.6345ae14635de419ac529302e7abde38.jpg,640,640,Stain,302,435,455,579
images_jpeg.rf.6345ae14635de419ac529302e7abde38.jpg,640,640,Stain,460,219,640,465
istockphoto-1127272948-612x612_jpg.rf.f95462689ede3bc5a2fa93ed461cf3df.jpg,640,640,Muddy-Floor,5,437,640,640
istockphoto-1127272948-612x612_jpg.rf.f95462689ede3bc5a2fa93ed461cf3df.jpg,640,640,Stain,0,406,175,541
istockphoto-1127272948-612x612_jpg.rf.f95462689ede3bc5a2fa93ed461cf3df.jpg,640,640,Stain,399,348,581,394
istockphoto-1127272948-612x612_jpg.rf.f95462689ede3bc5a2fa93ed461cf3df.jpg,640,640,Stain,236,370,464,398
istockphoto-1127272948-612x612_jpg.rf.f95462689ede3bc5a2fa93ed461cf3df.jpg,640,640,Muddy-Floor,382,517,449,569
istockphoto-1127272948-612x612_jpg.rf.f95462689ede3bc5a2fa93ed461cf3df.jpg,640,640,Stain,615,494,640,560
istockphoto-1127272948-612x612_jpg.rf.f95462689ede3bc5a2fa93ed461cf3df.jpg,640,640,Muddy-Floor,59,306,196,380
GB2If29a4AApmfv_jpeg.rf.542d6ded14c22a8406887089741fea3e.jpg,640,640,Muddy-Floor,162,472,470,640
GB2If29a4AApmfv_jpeg.rf.542d6ded14c22a8406887089741fea3e.jpg,640,640,Stain,153,348,482,635
GB2If29a4AApmfv_jpeg.rf.542d6ded14c22a8406887089741fea3e.jpg,640,640,Stain,273,166,308,361
GB2If29a4AApmfv_jpeg.rf.542d6ded14c22a8406887089741fea3e.jpg,640,640,Stain,132,234,472,453
GB2If29a4AApmfv_jpeg.rf.542d6ded14c22a8406887089741fea3e.jpg,640,640,Stain,38,354,149,639
IndiaTv300c5b_toilet_jpg.rf.345228e4be58b2237a66e800612272de.jpg,640,640,Muddy-Floor,0,551,130,640
IndiaTv300c5b_toilet_jpg.rf.345228e4be58b2237a66e800612272de.jpg,640,640,Stain,0,0,640,640
IndiaTv300c5b_toilet_jpg.rf.345228e4be58b2237a66e800612272de.jpg,640,640,Stain,144,114,391,375
IndiaTv300c5b_toilet_jpg.rf.345228e4be58b2237a66e800612272de.jpg,640,640,Muddy-Floor,473,241,613,640
IndiaTv300c5b_toilet_jpg.rf.345228e4be58b2237a66e800612272de.jpg,640,640,Stain,507,192,574,238
IndiaTv300c5b_toilet_jpg.rf.345228e4be58b2237a66e800612272de.jpg,640,640,Stain,204,236,367,304
IndiaTv300c5b_toilet_jpg.rf.345228e4be58b2237a66e800612272de.jpg,640,640,Muddy-Floor,123,399,305,640
7141042141_a7006300f4_h_jpg.rf.43fab5f9d37a1d78a4be0eac5fc0b867.jpg,640,640,Stain,392,416,490,507
7141042141_a7006300f4_h_jpg.rf.43fab5f9d37a1d78a4be0eac5fc0b867.jpg,640,640,Muddy-Floor,313,525,429,640
7141042141_a7006300f4_h_jpg.rf.43fab5f9d37a1d78a4be0eac5fc0b867.jpg,640,640,Muddy-Floor,453,523,495,560
7141042141_a7006300f4_h_jpg.rf.43fab5f9d37a1d78a4be0eac5fc0b867.jpg,640,640,Stain,52,434,126,610
7141042141_a7006300f4_h_jpg.rf.43fab5f9d37a1d78a4be0eac5fc0b867.jpg,640,640,Stain,452,283,493,378
nashik-road-multispeciality-hospital-2322337_jpg.rf.318efd345fcacad4304803ab97f2a333.jpg,640,640,Stain,378,432,487,476
nashik-road-multispeciality-hospital-2322337_jpg.rf.318efd345fcacad4304803ab97f2a333.jpg,640,640,Stain,2,265,473,444
nashik-road-multispeciality-hospital-2322337_jpg.rf.318efd345fcacad4304803ab97f2a333.jpg,640,640,Muddy-Floor,2,351,232,465
nashik-road-multispeciality-hospital-2322337_jpg.rf.318efd345fcacad4304803ab97f2a333.jpg,640,640,Muddy-Floor,8,451,640,640
nashik-road-multispeciality-hospital-2322337_jpg.rf.318efd345fcacad4304803ab97f2a333.jpg,640,640,Stain,93,488,634,638
nashik-road-multispeciality-hospital-2322337_jpg.rf.318efd345fcacad4304803ab97f2a333.jpg,640,640,Stain,395,327,640,462
nashik-road-multispeciality-hospital-2322337_jpg.rf.318efd345fcacad4304803ab97f2a333.jpg,640,640,Stain,590,334,639,370
photo-1-_jpg.rf.b1bf58f83d1428ade2e2ab6bb4bd7ac9.jpg,640,640,Stain,185,253,269,378
photo-1-_jpg.rf.b1bf58f83d1428ade2e2ab6bb4bd7ac9.jpg,640,640,Stain,221,56,299,399
photo-1-_jpg.rf.b1bf58f83d1428ade2e2ab6bb4bd7ac9.jpg,640,640,Stain,364,241,455,373
photo-1-_jpg.rf.b1bf58f83d1428ade2e2ab6bb4bd7ac9.jpg,640,640,Stain,114,454,553,534
photo-1-_jpg.rf.b1bf58f83d1428ade2e2ab6bb4bd7ac9.jpg,640,640,Muddy-Floor,89,489,552,640
photo-1-_jpg.rf.b1bf58f83d1428ade2e2ab6bb4bd7ac9.jpg,640,640,Stain,326,271,360,422
153225325_5a04a8a1f4_o_jpg.rf.3c77a72b2b8d37755c872284c15f0f21.jpg,640,640,Stain,261,390,325,442
153225325_5a04a8a1f4_o_jpg.rf.3c77a72b2b8d37755c872284c15f0f21.jpg,640,640,Stain,16,186,163,270
153225325_5a04a8a1f4_o_jpg.rf.3c77a72b2b8d37755c872284c15f0f21.jpg,640,640,Stain,568,213,598,286
153225325_5a04a8a1f4_o_jpg.rf.3c77a72b2b8d37755c872284c15f0f21.jpg,640,640,Stain,376,112,426,201
15807072356_71363b315e_k_jpg.rf.c12ad2b307f58819c4f64817755d41c9.jpg,640,640,Stain,307,395,401,511
15807072356_71363b315e_k_jpg.rf.c12ad2b307f58819c4f64817755d41c9.jpg,640,640,Stain,156,284,523,580
15807072356_71363b315e_k_jpg.rf.c12ad2b307f58819c4f64817755d41c9.jpg,640,640,Stain,0,233,365,549
15807072356_71363b315e_k_jpg.rf.c12ad2b307f58819c4f64817755d41c9.jpg,640,640,Stain,448,276,640,640
15807072356_71363b315e_k_jpg.rf.c12ad2b307f58819c4f64817755d41c9.jpg,640,640,Muddy-Floor,142,536,241,640
15807072356_71363b315e_k_jpg.rf.c12ad2b307f58819c4f64817755d41c9.jpg,640,640,Muddy-Floor,227,550,489,640
15807072356_71363b315e_k_jpg.rf.c12ad2b307f58819c4f64817755d41c9.jpg,640,640,Stain,0,549,173,640
15807072356_71363b315e_k_jpg.rf.c12ad2b307f58819c4f64817755d41c9.jpg,640,640,Stain,453,102,504,187
15807072356_71363b315e_k_jpg.rf.c12ad2b307f58819c4f64817755d41c9.jpg,640,640,Muddy-Floor,393,226,431,259
15807072356_71363b315e_k_jpg.rf.c12ad2b307f58819c4f64817755d41c9.jpg,640,640,Muddy-Floor,393,418,448,505
15807072356_71363b315e_k_jpg.rf.c12ad2b307f58819c4f64817755d41c9.jpg,640,640,Muddy-Floor,247,397,314,487
1538645211688_Bolda-Normal_jpeg.rf.d8f794fa39f2c477b41bcfeb2df2b5cc.jpg,640,640,Muddy-Floor,365,484,511,565
1538645211688_Bolda-Normal_jpeg.rf.d8f794fa39f2c477b41bcfeb2df2b5cc.jpg,640,640,Muddy-Floor,340,546,398,585
1538645211688_Bolda-Normal_jpeg.rf.d8f794fa39f2c477b41bcfeb2df2b5cc.jpg,640,640,Muddy-Floor,106,513,176,527
1538645211688_Bolda-Normal_jpeg.rf.d8f794fa39f2c477b41bcfeb2df2b5cc.jpg,640,640,Muddy-Floor,414,468,470,495
1538645211688_Bolda-Normal_jpeg.rf.d8f794fa39f2c477b41bcfeb2df2b5cc.jpg,640,640,Muddy-Floor,470,577,494,590
1538645211688_Bolda-Normal_jpeg.rf.d8f794fa39f2c477b41bcfeb2df2b5cc.jpg,640,640,Muddy-Floor,275,535,325,566
1538645211688_Bolda-Normal_jpeg.rf.d8f794fa39f2c477b41bcfeb2df2b5cc.jpg,640,640,Muddy-Floor,260,591,268,598
1538645211688_Bolda-Normal_jpeg.rf.d8f794fa39f2c477b41bcfeb2df2b5cc.jpg,640,640,Muddy-Floor,258,605,268,613
1538645211688_Bolda-Normal_jpeg.rf.d8f794fa39f2c477b41bcfeb2df2b5cc.jpg,640,640,Muddy-Floor,308,593,326,614
1538645211688_Bolda-Normal_jpeg.rf.d8f794fa39f2c477b41bcfeb2df2b5cc.jpg,640,640,Muddy-Floor,109,559,118,568
1538645211688_Bolda-Normal_jpeg.rf.d8f794fa39f2c477b41bcfeb2df2b5cc.jpg,640,640,Muddy-Floor,85,567,96,574
1538645211688_Bolda-Normal_jpeg.rf.d8f794fa39f2c477b41bcfeb2df2b5cc.jpg,640,640,Muddy-Floor,150,580,215,625
1538645211688_Bolda-Normal_jpeg.rf.d8f794fa39f2c477b41bcfeb2df2b5cc.jpg,640,640,Muddy-Floor,146,559,168,574
1538645211688_Bolda-Normal_jpeg.rf.d8f794fa39f2c477b41bcfeb2df2b5cc.jpg,640,640,Muddy-Floor,36,452,148,496
1538645211688_Bolda-Normal_jpeg.rf.d8f794fa39f2c477b41bcfeb2df2b5cc.jpg,640,640,Muddy-Floor,119,374,300,457
1538645211688_Bolda-Normal_jpeg.rf.d8f794fa39f2c477b41bcfeb2df2b5cc.jpg,640,640,Stain,188,420,260,461
1538645211688_Bolda-Normal_jpeg.rf.d8f794fa39f2c477b41bcfeb2df2b5cc.jpg,640,640,Stain,151,460,204,476
1538645211688_Bolda-Normal_jpeg.rf.d8f794fa39f2c477b41bcfeb2df2b5cc.jpg,640,640,Stain,292,392,328,463
1538645211688_Bolda-Normal_jpeg.rf.d8f794fa39f2c477b41bcfeb2df2b5cc.jpg,640,640,Muddy-Floor,409,427,476,454
1538645211688_Bolda-Normal_jpeg.rf.d8f794fa39f2c477b41bcfeb2df2b5cc.jpg,640,640,Muddy-Floor,324,421,359,445
1538645211688_Bolda-Normal_jpeg.rf.d8f794fa39f2c477b41bcfeb2df2b5cc.jpg,640,640,Muddy-Floor,535,561,638,598
1538645211688_Bolda-Normal_jpeg.rf.d8f794fa39f2c477b41bcfeb2df2b5cc.jpg,640,640,Muddy-Floor,256,471,305,488
1538645211688_Bolda-Normal_jpeg.rf.d8f794fa39f2c477b41bcfeb2df2b5cc.jpg,640,640,Stain,395,310,640,551
1538645211688_Bolda-Normal_jpeg.rf.d8f794fa39f2c477b41bcfeb2df2b5cc.jpg,640,640,Stain,407,241,429,303
1538645211688_Bolda-Normal_jpeg.rf.d8f794fa39f2c477b41bcfeb2df2b5cc.jpg,640,640,Muddy-Floor,1,318,257,359
1538645211688_Bolda-Normal_jpeg.rf.d8f794fa39f2c477b41bcfeb2df2b5cc.jpg,640,640,Stain,385,177,431,235
1538645211688_Bolda-Normal_jpeg.rf.d8f794fa39f2c477b41bcfeb2df2b5cc.jpg,640,640,Muddy-Floor,200,620,214,629
1538645211688_Bolda-Normal_jpeg.rf.d8f794fa39f2c477b41bcfeb2df2b5cc.jpg,640,640,Muddy-Floor,214,606,234,624
1538645211688_Bolda-Normal_jpeg.rf.d8f794fa39f2c477b41bcfeb2df2b5cc.jpg,640,640,Muddy-Floor,78,598,103,622
1538645211688_Bolda-Normal_jpeg.rf.d8f794fa39f2c477b41bcfeb2df2b5cc.jpg,640,640,Muddy-Floor,43,518,56,527
1538645211688_Bolda-Normal_jpeg.rf.d8f794fa39f2c477b41bcfeb2df2b5cc.jpg,640,640,Muddy-Floor,39,548,51,557
1538645211688_Bolda-Normal_jpeg.rf.d8f794fa39f2c477b41bcfeb2df2b5cc.jpg,640,640,Muddy-Floor,142,483,179,507
1538645211688_Bolda-Normal_jpeg.rf.d8f794fa39f2c477b41bcfeb2df2b5cc.jpg,640,640,Muddy-Floor,418,577,436,597
1538645211688_Bolda-Normal_jpeg.rf.d8f794fa39f2c477b41bcfeb2df2b5cc.jpg,640,640,Muddy-Floor,322,326,343,336
8169816507_809905a31b_k_jpg.rf.7b8ae70d6575031e6f3a178c738b2f3e.jpg,640,640,Stain,185,185,306,424
8169816507_809905a31b_k_jpg.rf.7b8ae70d6575031e6f3a178c738b2f3e.jpg,640,640,Muddy-Floor,0,118,599,184
8169816507_809905a31b_k_jpg.rf.7b8ae70d6575031e6f3a178c738b2f3e.jpg,640,640,Stain,320,439,561,585
8169816507_809905a31b_k_jpg.rf.7b8ae70d6575031e6f3a178c738b2f3e.jpg,640,640,Muddy-Floor,153,508,260,608
8169816507_809905a31b_k_jpg.rf.7b8ae70d6575031e6f3a178c738b2f3e.jpg,640,640,Muddy-Floor,331,508,437,606
8169816507_809905a31b_k_jpg.rf.7b8ae70d6575031e6f3a178c738b2f3e.jpg,640,640,Stain,218,428,319,479
8169816507_809905a31b_k_jpg.rf.7b8ae70d6575031e6f3a178c738b2f3e.jpg,640,640,Muddy-Floor,4,603,487,640
8169816507_809905a31b_k_jpg.rf.7b8ae70d6575031e6f3a178c738b2f3e.jpg,640,640,Stain,0,424,42,464
8169816507_809905a31b_k_jpg.rf.7b8ae70d6575031e6f3a178c738b2f3e.jpg,640,640,Stain,45,469,118,611
6375F910_JPEG.rf.9d11cf25aa62d428d7ca7d1806b78897.jpg,640,640,Stain,169,482,258,502
6375F910_JPEG.rf.9d11cf25aa62d428d7ca7d1806b78897.jpg,640,640,Stain,1,505,122,536
6375F910_JPEG.rf.9d11cf25aa62d428d7ca7d1806b78897.jpg,640,640,Muddy-Floor,73,599,123,624
IMG-20211130-WA0013_jpg.rf.49efec71cd44085b0f413790966040c7.jpg,640,640,Muddy-Floor,136,235,490,640
IMG-20211130-WA0013_jpg.rf.49efec71cd44085b0f413790966040c7.jpg,640,640,Stain,91,52,224,353
IMG-20211130-WA0013_jpg.rf.49efec71cd44085b0f413790966040c7.jpg,640,640,Stain,321,119,494,412
IMG-20211130-WA0013_jpg.rf.49efec71cd44085b0f413790966040c7.jpg,640,640,Stain,221,139,330,243
IMG-20211130-WA0013_jpg.rf.49efec71cd44085b0f413790966040c7.jpg,640,640,Stain,246,224,324,403
IMG-20211130-WA0013_jpg.rf.49efec71cd44085b0f413790966040c7.jpg,640,640,Muddy-Floor,188,2,467,192
Cuxg1B1VIAAiJ-j_jpg.rf.3f6352c74b60329e687407e95351d035.jpg,640,640,Stain,4,209,546,622
Cuxg1B1VIAAiJ-j_jpg.rf.3f6352c74b60329e687407e95351d035.jpg,640,640,Muddy-Floor,17,504,528,640
Cuxg1B1VIAAiJ-j_jpg.rf.3f6352c74b60329e687407e95351d035.jpg,640,640,Stain,541,455,640,537
Cuxg1B1VIAAiJ-j_jpg.rf.3f6352c74b60329e687407e95351d035.jpg,640,640,Muddy-Floor,567,521,629,615
5050677813_61d261605e_b_jpg.rf.e5322f2ea25b13a4e0a3cc6d0c748ae2.jpg,640,640,Stain,96,409,484,640
5050677813_61d261605e_b_jpg.rf.e5322f2ea25b13a4e0a3cc6d0c748ae2.jpg,640,640,Muddy-Floor,303,512,352,538
public-squat-toilet-in-sri-lanka-MHKTNG_jpg.rf.b24fd2786246dbd088216874ff0dc16d.jpg,640,640,Muddy-Floor,44,18,640,586
public-squat-toilet-in-sri-lanka-MHKTNG_jpg.rf.b24fd2786246dbd088216874ff0dc16d.jpg,640,640,Muddy-Floor,392,102,486,306
public-squat-toilet-in-sri-lanka-MHKTNG_jpg.rf.b24fd2786246dbd088216874ff0dc16d.jpg,640,640,Stain,29,1,443,181
public-squat-toilet-in-sri-lanka-MHKTNG_jpg.rf.b24fd2786246dbd088216874ff0dc16d.jpg,640,640,Stain,295,204,383,336
DqCjp2AU8AEkvwa_jpeg.rf.4f833f9841a3b65af38d9c0937a999fa.jpg,640,640,Muddy-Floor,91,395,570,640
DqCjp2AU8AEkvwa_jpeg.rf.4f833f9841a3b65af38d9c0937a999fa.jpg,640,640,Stain,74,226,640,640
DqCjp2AU8AEkvwa_jpeg.rf.4f833f9841a3b65af38d9c0937a999fa.jpg,640,640,Stain,158,176,226,263
DqCjp2AU8AEkvwa_jpeg.rf.4f833f9841a3b65af38d9c0937a999fa.jpg,640,640,Stain,392,149,456,266
istockphoto-170616764-612x612_jpg.rf.36682d3f1f86f3df328c0c0d921e7e40.jpg,640,640,Stain,176,182,546,536
istockphoto-170616764-612x612_jpg.rf.36682d3f1f86f3df328c0c0d921e7e40.jpg,640,640,Muddy-Floor,1,384,640,640
istockphoto-170616764-612x612_jpg.rf.36682d3f1f86f3df328c0c0d921e7e40.jpg,640,640,Stain,1,0,316,636
istockphoto-170616764-612x612_jpg.rf.36682d3f1f86f3df328c0c0d921e7e40.jpg,640,640,Stain,426,0,640,455
360_F_292982459_oZfdUfXalwTthDzfafsXpKyHZBzUrPPV_jpg.rf.f2a37d6d7b179ff74bc4be3ad02da15a.jpg,640,640,Muddy-Floor,0,277,640,640
360_F_292982459_oZfdUfXalwTthDzfafsXpKyHZBzUrPPV_jpg.rf.f2a37d6d7b179ff74bc4be3ad02da15a.jpg,640,640,Muddy-Floor,132,135,359,478
360_F_292982459_oZfdUfXalwTthDzfafsXpKyHZBzUrPPV_jpg.rf.f2a37d6d7b179ff74bc4be3ad02da15a.jpg,640,640,Stain,172,0,640,360
360_F_292982459_oZfdUfXalwTthDzfafsXpKyHZBzUrPPV_jpg.rf.f2a37d6d7b179ff74bc4be3ad02da15a.jpg,640,640,Stain,1,244,64,356
61600BB1_JPG.rf.7fe419437ff5521cbc160bcee9b950db.jpg,640,640,Muddy-Floor,225,173,595,314
61600BB1_JPG.rf.7fe419437ff5521cbc160bcee9b950db.jpg,640,640,Muddy-Floor,300,251,589,414
61600BB1_JPG.rf.7fe419437ff5521cbc160bcee9b950db.jpg,640,640,Muddy-Floor,304,226,639,452
61600BB1_JPG.rf.7fe419437ff5521cbc160bcee9b950db.jpg,640,640,Muddy-Floor,0,0,640,236
61600BB1_JPG.rf.7fe419437ff5521cbc160bcee9b950db.jpg,640,640,Muddy-Floor,283,472,343,552
61600BB1_JPG.rf.7fe419437ff5521cbc160bcee9b950db.jpg,640,640,Muddy-Floor,271,508,640,640
61600BB1_JPG.rf.7fe419437ff5521cbc160bcee9b950db.jpg,640,640,Muddy-Floor,282,72,492,214
61600BB1_JPG.rf.7fe419437ff5521cbc160bcee9b950db.jpg,640,640,Muddy-Floor,598,244,640,313
zon-9959467_jpg.rf.7e0268202e2a6c2c2e845f90058e56e2.jpg,640,640,Muddy-Floor,0,9,640,640
360_F_134485200_Viu4NBx3RGTlHTICyxzxHbJ2jxXewOWH_jpg.rf.14de560464b978559a4d125162cee19c.jpg,640,640,Muddy-Floor,0,469,640,640
360_F_134485200_Viu4NBx3RGTlHTICyxzxHbJ2jxXewOWH_jpg.rf.14de560464b978559a4d125162cee19c.jpg,640,640,Stain,352,206,640,630
360_F_134485200_Viu4NBx3RGTlHTICyxzxHbJ2jxXewOWH_jpg.rf.14de560464b978559a4d125162cee19c.jpg,640,640,Stain,182,308,392,605
2F2E7E9300000578-3351518-image-a-1_1449605253452_jpg.rf.a82200f006bb6ba8f8516acfa6c73851.jpg,640,640,Stain,208,170,540,352
2F2E7E9300000578-3351518-image-a-1_1449605253452_jpg.rf.a82200f006bb6ba8f8516acfa6c73851.jpg,640,640,Stain,405,255,640,580
2F2E7E9300000578-3351518-image-a-1_1449605253452_jpg.rf.a82200f006bb6ba8f8516acfa6c73851.jpg,640,640,Stain,544,149,640,368
2F2E7E9300000578-3351518-image-a-1_1449605253452_jpg.rf.a82200f006bb6ba8f8516acfa6c73851.jpg,640,640,Stain,26,83,407,640
2F2E7E9300000578-3351518-image-a-1_1449605253452_jpg.rf.a82200f006bb6ba8f8516acfa6c73851.jpg,640,640,Muddy-Floor,285,313,361,393
2F2E7E9300000578-3351518-image-a-1_1449605253452_jpg.rf.a82200f006bb6ba8f8516acfa6c73851.jpg,640,640,Stain,440,565,597,640
mcd-nda-2_647_072615073830_jpg.rf.48333e52297fbe672302e71c4cbcb33b.jpg,640,640,Stain,425,198,640,640
mcd-nda-2_647_072615073830_jpg.rf.48333e52297fbe672302e71c4cbcb33b.jpg,640,640,Muddy-Floor,0,499,275,640
mcd-nda-2_647_072615073830_jpg.rf.48333e52297fbe672302e71c4cbcb33b.jpg,640,640,Stain,446,0,640,348
200811195_jpg.rf.1512b395c9a804bc90287877babc365e.jpg,640,640,Muddy-Floor,62,152,225,392
200811195_jpg.rf.1512b395c9a804bc90287877babc365e.jpg,640,640,Muddy-Floor,234,197,442,400
200811195_jpg.rf.1512b395c9a804bc90287877babc365e.jpg,640,640,Stain,26,59,456,640
200811195_jpg.rf.1512b395c9a804bc90287877babc365e.jpg,640,640,Stain,210,195,308,331
200811195_jpg.rf.1512b395c9a804bc90287877babc365e.jpg,640,640,Stain,415,132,456,493
200811195_jpg.rf.1512b395c9a804bc90287877babc365e.jpg,640,640,Muddy-Floor,164,162,310,312
indpublictoilet_jpg.rf.64297a18c7a82cb208e46de9717e2890.jpg,640,640,Muddy-Floor,1,508,213,640
indpublictoilet_jpg.rf.64297a18c7a82cb208e46de9717e2890.jpg,640,640,Stain,0,309,214,578
indpublictoilet_jpg.rf.64297a18c7a82cb208e46de9717e2890.jpg,640,640,Stain,237,303,404,514
indpublictoilet_jpg.rf.64297a18c7a82cb208e46de9717e2890.jpg,640,640,Stain,440,257,546,445
indpublictoilet_jpg.rf.64297a18c7a82cb208e46de9717e2890.jpg,640,640,Stain,561,248,640,399
indpublictoilet_jpg.rf.64297a18c7a82cb208e46de9717e2890.jpg,640,640,Muddy-Floor,243,441,368,564
indpublictoilet_jpg.rf.64297a18c7a82cb208e46de9717e2890.jpg,640,640,Muddy-Floor,422,379,523,463
indpublictoilet_jpg.rf.64297a18c7a82cb208e46de9717e2890.jpg,640,640,Muddy-Floor,540,348,640,470
indpublictoilet_jpg.rf.64297a18c7a82cb208e46de9717e2890.jpg,640,640,Muddy-Floor,362,447,581,640
2723775827_f6970c7fe7_k_jpg.rf.998b8c965dd1779ed20a96f6f2d070e4.jpg,640,640,Stain,121,111,288,505
2723775827_f6970c7fe7_k_jpg.rf.998b8c965dd1779ed20a96f6f2d070e4.jpg,640,640,Stain,333,138,453,493
2723775827_f6970c7fe7_k_jpg.rf.998b8c965dd1779ed20a96f6f2d070e4.jpg,640,640,Stain,0,186,81,589
2723775827_f6970c7fe7_k_jpg.rf.998b8c965dd1779ed20a96f6f2d070e4.jpg,640,640,Muddy-Floor,73,424,640,590
IMG_20161121_141938_jpeg.rf.2887a77e294690fc55b7a8821f4236b0.jpg,640,640,Muddy-Floor,3,246,640,640
IMG_20161121_141938_jpeg.rf.2887a77e294690fc55b7a8821f4236b0.jpg,640,640,Stain,0,0,351,334
IMG_20161121_141938_jpeg.rf.2887a77e294690fc55b7a8821f4236b0.jpg,640,640,Stain,226,54,296,140
IMG_20161121_141938_jpeg.rf.2887a77e294690fc55b7a8821f4236b0.jpg,640,640,Stain,134,0,202,144
IMG_20161121_141938_jpeg.rf.2887a77e294690fc55b7a8821f4236b0.jpg,640,640,Stain,362,0,387,142
IMG_20161121_141938_jpeg.rf.2887a77e294690fc55b7a8821f4236b0.jpg,640,640,Stain,406,0,535,202
IMG_20161121_141938_jpeg.rf.2887a77e294690fc55b7a8821f4236b0.jpg,640,640,Stain,392,222,640,383
IMG_20161121_141938_jpeg.rf.2887a77e294690fc55b7a8821f4236b0.jpg,640,640,Stain,550,2,597,171
3767185075_93781ab937_k_jpg.rf.e5432627b4af5457a27ae8675913b0b1.jpg,640,640,Stain,440,460,561,509
3767185075_93781ab937_k_jpg.rf.e5432627b4af5457a27ae8675913b0b1.jpg,640,640,Stain,462,497,512,522
8044955897_a4529cfb82_b_jpg.rf.515d4097eca093018bb08a5a3631ac03.jpg,640,640,Stain,316,306,343,391
8044955897_a4529cfb82_b_jpg.rf.515d4097eca093018bb08a5a3631ac03.jpg,640,640,Muddy-Floor,242,300,405,531
8044955897_a4529cfb82_b_jpg.rf.515d4097eca093018bb08a5a3631ac03.jpg,640,640,Muddy-Floor,341,322,397,409
8044955897_a4529cfb82_b_jpg.rf.515d4097eca093018bb08a5a3631ac03.jpg,640,640,Stain,184,246,327,337
8044955897_a4529cfb82_b_jpg.rf.515d4097eca093018bb08a5a3631ac03.jpg,640,640,Muddy-Floor,412,534,447,640
8044955897_a4529cfb82_b_jpg.rf.515d4097eca093018bb08a5a3631ac03.jpg,640,640,Muddy-Floor,200,529,257,640
489559401_52080895aa_o_jpg.rf.e149cea5b685405cbb51ab9d50b362f8.jpg,640,640,Stain,162,411,556,624
images-4-_jpeg.rf.cf0d959f344cefe3cb5a7ea7044e652a.jpg,640,640,Muddy-Floor,0,57,570,640
images-4-_jpeg.rf.cf0d959f344cefe3cb5a7ea7044e652a.jpg,640,640,Stain,0,0,627,639
9241265186_b1313249e6_k_jpg.rf.dccc6c6b0f2ab0fc8487de6d5e590312.jpg,640,640,Stain,253,175,427,403
9241265186_b1313249e6_k_jpg.rf.dccc6c6b0f2ab0fc8487de6d5e590312.jpg,640,640,Stain,418,254,640,640
9241265186_b1313249e6_k_jpg.rf.dccc6c6b0f2ab0fc8487de6d5e590312.jpg,640,640,Stain,262,58,519,82
9241265186_b1313249e6_k_jpg.rf.dccc6c6b0f2ab0fc8487de6d5e590312.jpg,640,640,Stain,52,508,162,640
9241265186_b1313249e6_k_jpg.rf.dccc6c6b0f2ab0fc8487de6d5e590312.jpg,640,640,Stain,36,68,153,468
GB3qYX6a8AAatWA_jpg.rf.acedff5eb42093523db81e6cbb044fcf.jpg,640,640,Stain,413,119,613,362
GB3qYX6a8AAatWA_jpg.rf.acedff5eb42093523db81e6cbb044fcf.jpg,640,640,Stain,262,138,393,265
GB3qYX6a8AAatWA_jpg.rf.acedff5eb42093523db81e6cbb044fcf.jpg,640,640,Muddy-Floor,262,231,640,640
GB3qYX6a8AAatWA_jpg.rf.acedff5eb42093523db81e6cbb044fcf.jpg,640,640,Muddy-Floor,0,251,23,320
GB3qYX6a8AAatWA_jpg.rf.acedff5eb42093523db81e6cbb044fcf.jpg,640,640,Muddy-Floor,13,327,123,599
GB3qYX6a8AAatWA_jpg.rf.acedff5eb42093523db81e6cbb044fcf.jpg,640,640,Muddy-Floor,5,439,397,640
GB3qYX6a8AAatWA_jpg.rf.acedff5eb42093523db81e6cbb044fcf.jpg,640,640,Stain,0,18,267,538
GB3qYX6a8AAatWA_jpg.rf.acedff5eb42093523db81e6cbb044fcf.jpg,640,640,Stain,205,106,263,397
GB3qYX6a8AAatWA_jpg.rf.acedff5eb42093523db81e6cbb044fcf.jpg,640,640,Muddy-Floor,351,56,362,91
GB3qYX6a8AAatWA_jpg.rf.acedff5eb42093523db81e6cbb044fcf.jpg,640,640,Muddy-Floor,299,61,323,78
GB3qYX6a8AAatWA_jpg.rf.acedff5eb42093523db81e6cbb044fcf.jpg,640,640,Muddy-Floor,612,141,619,165
GB3qYX6a8AAatWA_jpg.rf.acedff5eb42093523db81e6cbb044fcf.jpg,640,640,Muddy-Floor,553,0,610,126
pankaj-hotel_jpg.rf.dd8a62a66280ae16eec840e3f2f7b5c8.jpg,640,640,Muddy-Floor,102,531,407,640
pankaj-hotel_jpg.rf.dd8a62a66280ae16eec840e3f2f7b5c8.jpg,640,640,Stain,253,373,348,605
pankaj-hotel_jpg.rf.dd8a62a66280ae16eec840e3f2f7b5c8.jpg,640,640,Stain,96,423,301,549
pankaj-hotel_jpg.rf.dd8a62a66280ae16eec840e3f2f7b5c8.jpg,640,640,Stain,0,302,308,603
pankaj-hotel_jpg.rf.dd8a62a66280ae16eec840e3f2f7b5c8.jpg,640,640,Stain,418,216,640,640
toilets1_jpeg.rf.a828b1f7b656aacc38064a69fcf8bab0.jpg,640,640,Muddy-Floor,81,270,510,640
toilets1_jpeg.rf.a828b1f7b656aacc38064a69fcf8bab0.jpg,640,640,Stain,66,0,546,640
Ed6llvIU0AgjXCa_jpg.rf.9b414130ec98418a4693d556b8c16ed2.jpg,640,640,Stain,312,177,598,513
Ed6llvIU0AgjXCa_jpg.rf.9b414130ec98418a4693d556b8c16ed2.jpg,640,640,Stain,101,214,222,337
Ed6llvIU0AgjXCa_jpg.rf.9b414130ec98418a4693d556b8c16ed2.jpg,640,640,Muddy-Floor,211,220,436,384
Ed6llvIU0AgjXCa_jpg.rf.9b414130ec98418a4693d556b8c16ed2.jpg,640,640,Stain,135,0,453,204
Ed6llvIU0AgjXCa_jpg.rf.9b414130ec98418a4693d556b8c16ed2.jpg,640,640,Muddy-Floor,0,525,640,640
Ed6llvIU0AgjXCa_jpg.rf.9b414130ec98418a4693d556b8c16ed2.jpg,640,640,Stain,180,417,453,517
mold-kitchen-sink_jpg.rf.86dd426755e7b88d5db587e6ddb87970.jpg,640,640,Stain,75,213,552,640
5FBB7EE5_JPG.rf.25b6b9cf9d3f313a906874d522013861.jpg,640,640,Muddy-Floor,181,38,550,640
5FBB7EE5_JPG.rf.25b6b9cf9d3f313a906874d522013861.jpg,640,640,Stain,178,88,327,225
5FBB7EE5_JPG.rf.25b6b9cf9d3f313a906874d522013861.jpg,640,640,Stain,0,154,81,281
5FBB7EE5_JPG.rf.25b6b9cf9d3f313a906874d522013861.jpg,640,640,Stain,42,47,110,246
550016647962521676128723753116-3401-4063-1676503929_jpg.rf.e044a9ae70a935501d585ccbb234cffa.jpg,640,640,Muddy-Floor,184,446,542,640
550016647962521676128723753116-3401-4063-1676503929_jpg.rf.e044a9ae70a935501d585ccbb234cffa.jpg,640,640,Muddy-Floor,0,418,180,546
dirty-public-toilet-with-the-white-tile-photo_jpg.rf.052f97b56aa960699d909a5d87aa82f6.jpg,640,640,Muddy-Floor,398,428,591,638
dirty-public-toilet-with-the-white-tile-photo_jpg.rf.052f97b56aa960699d909a5d87aa82f6.jpg,640,640,Muddy-Floor,22,337,274,470
dirty-public-toilet-with-the-white-tile-photo_jpg.rf.052f97b56aa960699d909a5d87aa82f6.jpg,640,640,Muddy-Floor,23,465,258,640
dirty-public-toilet-with-the-white-tile-photo_jpg.rf.052f97b56aa960699d909a5d87aa82f6.jpg,640,640,Stain,255,370,400,599
dirty-public-toilet-with-the-white-tile-photo_jpg.rf.052f97b56aa960699d909a5d87aa82f6.jpg,640,640,Stain,22,287,294,393
pict_large_jpg.rf.03a9978b4397a20368e4a560de6766fc.jpg,640,640,Stain,166,211,522,490
pict_large_jpg.rf.03a9978b4397a20368e4a560de6766fc.jpg,640,640,Muddy-Floor,108,375,522,640
pict_large_jpg.rf.03a9978b4397a20368e4a560de6766fc.jpg,640,640,Stain,287,333,374,379
VT-Fraternity_jpg.rf.361456ec38d6b2939e26b7a67182b696.jpg,640,640,Muddy-Floor,0,0,465,640
VT-Fraternity_jpg.rf.361456ec38d6b2939e26b7a67182b696.jpg,640,640,Muddy-Floor,466,95,640,521
filthy-dirty-toilet-B1K9JT_jpg.rf.bc726052a7f26264e12476797db86c69.jpg,640,640,Stain,178,183,502,387
filthy-dirty-toilet-B1K9JT_jpg.rf.bc726052a7f26264e12476797db86c69.jpg,640,640,Muddy-Floor,0,362,421,580
filthy-dirty-toilet-B1K9JT_jpg.rf.bc726052a7f26264e12476797db86c69.jpg,640,640,Stain,0,250,154,349
filthy-dirty-toilet-B1K9JT_jpg.rf.bc726052a7f26264e12476797db86c69.jpg,640,640,Stain,405,90,487,154
filthy-dirty-toilet-B1K9JT_jpg.rf.bc726052a7f26264e12476797db86c69.jpg,640,640,Stain,372,372,482,520
filthy-dirty-toilet-B1K9JT_jpg.rf.bc726052a7f26264e12476797db86c69.jpg,640,640,Muddy-Floor,418,310,634,586
filthy-dirty-toilet-B1K9JT_jpg.rf.bc726052a7f26264e12476797db86c69.jpg,640,640,Muddy-Floor,352,187,439,248
filthy-dirty-toilet-B1K9JT_jpg.rf.bc726052a7f26264e12476797db86c69.jpg,640,640,Stain,229,160,376,267
filthy-dirty-toilet-B1K9JT_jpg.rf.bc726052a7f26264e12476797db86c69.jpg,640,640,Stain,279,144,463,198
filthy-dirty-toilet-B1K9JT_jpg.rf.bc726052a7f26264e12476797db86c69.jpg,640,640,Stain,247,0,344,164
FFBti7aVkAESYCw_jpg.rf.86f84b69bb5872642e62b08eb3db7d76.jpg,640,640,Muddy-Floor,7,310,542,640
FFBti7aVkAESYCw_jpg.rf.86f84b69bb5872642e62b08eb3db7d76.jpg,640,640,Stain,2,134,222,429
FFBti7aVkAESYCw_jpg.rf.86f84b69bb5872642e62b08eb3db7d76.jpg,640,640,Muddy-Floor,35,1,303,127
FFBti7aVkAESYCw_jpg.rf.86f84b69bb5872642e62b08eb3db7d76.jpg,640,640,Muddy-Floor,226,0,628,316
FFBti7aVkAESYCw_jpg.rf.86f84b69bb5872642e62b08eb3db7d76.jpg,640,640,Stain,477,179,588,472
FFBti7aVkAESYCw_jpg.rf.86f84b69bb5872642e62b08eb3db7d76.jpg,640,640,Stain,529,20,640,640
FFBti7aVkAESYCw_jpg.rf.86f84b69bb5872642e62b08eb3db7d76.jpg,640,640,Stain,0,404,49,640
67896449_1663670134376835_r__jpeg.rf.216da48c3467c6700eb75930bf5559eb.jpg,640,640,Stain,251,2,395,58
67896449_1663670134376835_r__jpeg.rf.216da48c3467c6700eb75930bf5559eb.jpg,640,640,Stain,251,1,582,640
67896449_1663670134376835_r__jpeg.rf.216da48c3467c6700eb75930bf5559eb.jpg,640,640,Muddy-Floor,314,328,389,413
67896449_1663670134376835_r__jpeg.rf.216da48c3467c6700eb75930bf5559eb.jpg,640,640,Stain,302,271,403,387
67896449_1663670134376835_r__jpeg.rf.216da48c3467c6700eb75930bf5559eb.jpg,640,640,Stain,248,85,432,640
IMG577798318_jpg.rf.7a5273a7d8f59b374dc34797ef7894d6.jpg,640,640,Muddy-Floor,101,88,575,567
IMG577798318_jpg.rf.7a5273a7d8f59b374dc34797ef7894d6.jpg,640,640,Muddy-Floor,7,0,640,640
IMG577798318_jpg.rf.7a5273a7d8f59b374dc34797ef7894d6.jpg,640,640,Muddy-Floor,391,0,640,189
images-3-_jpeg.rf.47a86b4fd4d37e12c4bff3133cc1ccaf.jpg,640,640,Muddy-Floor,4,229,520,638
images-3-_jpeg.rf.47a86b4fd4d37e12c4bff3133cc1ccaf.jpg,640,640,Muddy-Floor,65,195,185,301
muddy_floor_jpg.rf.20eed87dfbb401dff1fe38264bf8656e.jpg,640,640,Muddy-Floor,0,173,640,640
muddy_floor_jpg.rf.20eed87dfbb401dff1fe38264bf8656e.jpg,640,640,Stain,381,47,439,279
muddy_floor_jpg.rf.20eed87dfbb401dff1fe38264bf8656e.jpg,640,640,Stain,524,85,640,426
muddy_floor_jpg.rf.20eed87dfbb401dff1fe38264bf8656e.jpg,640,640,Stain,92,10,132,100
muddy_floor_jpg.rf.20eed87dfbb401dff1fe38264bf8656e.jpg,640,640,Stain,0,17,39,78
muddy_floor_jpg.rf.20eed87dfbb401dff1fe38264bf8656e.jpg,640,640,Stain,206,140,262,211
EAKSn-MU8AAiwIT_jpg.rf.c81ffa9c1487c52d214021ba3ac5bcc5.jpg,640,640,Stain,0,0,520,576
EAKSn-MU8AAiwIT_jpg.rf.c81ffa9c1487c52d214021ba3ac5bcc5.jpg,640,640,Stain,265,232,640,578
EAKSn-MU8AAiwIT_jpg.rf.c81ffa9c1487c52d214021ba3ac5bcc5.jpg,640,640,Stain,377,0,593,196
EAKSn-MU8AAiwIT_jpg.rf.c81ffa9c1487c52d214021ba3ac5bcc5.jpg,640,640,Muddy-Floor,376,176,530,229
EAKSn-MU8AAiwIT_jpg.rf.c81ffa9c1487c52d214021ba3ac5bcc5.jpg,640,640,Stain,17,557,164,640
GClQ5s5WQAAWnoU_jpg.rf.5d7c4a06ce948723cfacc399a9cd5fae.jpg,640,640,Muddy-Floor,115,345,485,640
GClQ5s5WQAAWnoU_jpg.rf.5d7c4a06ce948723cfacc399a9cd5fae.jpg,640,640,Stain,259,288,504,427
GClQ5s5WQAAWnoU_jpg.rf.5d7c4a06ce948723cfacc399a9cd5fae.jpg,640,640,Stain,342,214,378,255
GClQ5s5WQAAWnoU_jpg.rf.5d7c4a06ce948723cfacc399a9cd5fae.jpg,640,640,Stain,255,236,494,299
GClQ5s5WQAAWnoU_jpg.rf.5d7c4a06ce948723cfacc399a9cd5fae.jpg,640,640,Stain,278,213,334,264
IMG_14631-768x1024_jpg.rf.cd8abe53846faf3c16a9ccc56b87fb17.jpg,640,640,Muddy-Floor,0,0,640,320
IMG_14631-768x1024_jpg.rf.cd8abe53846faf3c16a9ccc56b87fb17.jpg,640,640,Muddy-Floor,431,422,640,640
5790074170_d9718f1b61_b_jpg.rf.6e0f77a1555d5f4a440796b9911ac778.jpg,640,640,Stain,127,1,605,640
5790074170_d9718f1b61_b_jpg.rf.6e0f77a1555d5f4a440796b9911ac778.jpg,640,640,Muddy-Floor,26,422,562,640
5790074170_d9718f1b61_b_jpg.rf.6e0f77a1555d5f4a440796b9911ac778.jpg,640,640,Muddy-Floor,257,256,330,419
5790074170_d9718f1b61_b_jpg.rf.6e0f77a1555d5f4a440796b9911ac778.jpg,640,640,Stain,0,292,133,640
348s_jpg.rf.0214e284cdd684f84e99ca004b533fd1.jpg,640,640,Muddy-Floor,41,250,640,409
3459624910_7824106a23_o_jpg.rf.0fd6ca875f52aebadf32561fb1ff3afa.jpg,640,640,Stain,59,264,100,369
3459624910_7824106a23_o_jpg.rf.0fd6ca875f52aebadf32561fb1ff3afa.jpg,640,640,Stain,391,174,466,336
IMG_0383_jpg.rf.9e9e3b1ddb63df10b5736fc16f67c7cc.jpg,640,640,Muddy-Floor,10,355,406,540
IMG_0383_jpg.rf.9e9e3b1ddb63df10b5736fc16f67c7cc.jpg,640,640,Stain,229,273,351,459
IMG_0383_jpg.rf.9e9e3b1ddb63df10b5736fc16f67c7cc.jpg,640,640,Stain,451,534,524,626
IMG_0383_jpg.rf.9e9e3b1ddb63df10b5736fc16f67c7cc.jpg,640,640,Stain,23,265,234,432
200911191051530137_jpg.rf.b30d64fc245f49e30560000c1149fcb9.jpg,640,640,Stain,1,244,454,640
200911191051530137_jpg.rf.b30d64fc245f49e30560000c1149fcb9.jpg,640,640,Muddy-Floor,193,326,267,361
200911191051530137_jpg.rf.b30d64fc245f49e30560000c1149fcb9.jpg,640,640,Muddy-Floor,323,330,409,371
200911191051530137_jpg.rf.b30d64fc245f49e30560000c1149fcb9.jpg,640,640,Stain,258,329,332,360
200911191051530137_jpg.rf.b30d64fc245f49e30560000c1149fcb9.jpg,640,640,Muddy-Floor,41,0,485,116
unnamed_jpg.rf.36b627f385584c55510d6930717bd5d8.jpg,640,640,Stain,10,87,595,637
EnMgt-sXYAA-AUu_jpg.rf.17d529d5127004c950e2079977aabfdf.jpg,640,640,Muddy-Floor,72,58,308,381
EnMgt-sXYAA-AUu_jpg.rf.17d529d5127004c950e2079977aabfdf.jpg,640,640,Muddy-Floor,310,102,496,432
EnMgt-sXYAA-AUu_jpg.rf.17d529d5127004c950e2079977aabfdf.jpg,640,640,Muddy-Floor,180,365,640,640
EnMgt-sXYAA-AUu_jpg.rf.17d529d5127004c950e2079977aabfdf.jpg,640,640,Muddy-Floor,302,338,408,385
EnMgt-sXYAA-AUu_jpg.rf.17d529d5127004c950e2079977aabfdf.jpg,640,640,Stain,153,234,173,289
EnMgt-sXYAA-AUu_jpg.rf.17d529d5127004c950e2079977aabfdf.jpg,640,640,Stain,199,133,394,165
EnMgt-sXYAA-AUu_jpg.rf.17d529d5127004c950e2079977aabfdf.jpg,640,640,Stain,61,0,422,118
2019_7-largeimg23_Tuesday_2019_074453605_jpg.rf.01426417c7b53e149861b0371858c296.jpg,640,640,Muddy-Floor,196,441,396,640
2019_7-largeimg23_Tuesday_2019_074453605_jpg.rf.01426417c7b53e149861b0371858c296.jpg,640,640,Muddy-Floor,290,401,550,640
2019_7-largeimg23_Tuesday_2019_074453605_jpg.rf.01426417c7b53e149861b0371858c296.jpg,640,640,Stain,6,280,295,621
2019_7-largeimg23_Tuesday_2019_074453605_jpg.rf.01426417c7b53e149861b0371858c296.jpg,640,640,Stain,137,135,223,476
2019_7-largeimg23_Tuesday_2019_074453605_jpg.rf.01426417c7b53e149861b0371858c296.jpg,640,640,Stain,281,252,504,492
2019_7-largeimg23_Tuesday_2019_074453605_jpg.rf.01426417c7b53e149861b0371858c296.jpg,640,640,Stain,599,276,638,426
2019_7-largeimg23_Tuesday_2019_074453605_jpg.rf.01426417c7b53e149861b0371858c296.jpg,640,640,Stain,544,135,613,368
606432BD_JPG.rf.1cc0fcd9ed907cfeb5c9449572a2288a.jpg,640,640,Muddy-Floor,88,213,640,458
606432BD_JPG.rf.1cc0fcd9ed907cfeb5c9449572a2288a.jpg,640,640,Stain,194,21,460,246
606432BD_JPG.rf.1cc0fcd9ed907cfeb5c9449572a2288a.jpg,640,640,Muddy-Floor,434,69,560,171
606432BD_JPG.rf.1cc0fcd9ed907cfeb5c9449572a2288a.jpg,640,640,Muddy-Floor,506,0,587,121
606432BD_JPG.rf.1cc0fcd9ed907cfeb5c9449572a2288a.jpg,640,640,Stain,389,0,437,88
606432BD_JPG.rf.1cc0fcd9ed907cfeb5c9449572a2288a.jpg,640,640,Stain,340,29,448,166
606432BD_JPG.rf.1cc0fcd9ed907cfeb5c9449572a2288a.jpg,640,640,Stain,104,55,199,187
606432BD_JPG.rf.1cc0fcd9ed907cfeb5c9449572a2288a.jpg,640,640,Stain,83,0,163,257
606432BD_JPG.rf.1cc0fcd9ed907cfeb5c9449572a2288a.jpg,640,640,Stain,133,398,640,619
606432BD_JPG.rf.1cc0fcd9ed907cfeb5c9449572a2288a.jpg,640,640,Stain,0,446,157,632
FzTYi9fWYAE3C-F_jpg.rf.f5abe1396110e89df0671699d45baf89.jpg,640,640,Stain,369,214,517,407
FzTYi9fWYAE3C-F_jpg.rf.f5abe1396110e89df0671699d45baf89.jpg,640,640,Stain,272,294,381,403
FzTYi9fWYAE3C-F_jpg.rf.f5abe1396110e89df0671699d45baf89.jpg,640,640,Stain,205,283,271,389
FzTYi9fWYAE3C-F_jpg.rf.f5abe1396110e89df0671699d45baf89.jpg,640,640,Stain,92,308,175,359
FzTYi9fWYAE3C-F_jpg.rf.f5abe1396110e89df0671699d45baf89.jpg,640,640,Stain,30,315,93,348
FzTYi9fWYAE3C-F_jpg.rf.f5abe1396110e89df0671699d45baf89.jpg,640,640,Stain,0,303,30,330
FzTYi9fWYAE3C-F_jpg.rf.f5abe1396110e89df0671699d45baf89.jpg,640,640,Muddy-Floor,0,337,207,480
FzTYi9fWYAE3C-F_jpg.rf.f5abe1396110e89df0671699d45baf89.jpg,640,640,Muddy-Floor,116,365,428,493
FzTYi9fWYAE3C-F_jpg.rf.f5abe1396110e89df0671699d45baf89.jpg,640,640,Muddy-Floor,299,411,478,639
FzTYi9fWYAE3C-F_jpg.rf.f5abe1396110e89df0671699d45baf89.jpg,640,640,Muddy-Floor,447,282,598,538
FzTYi9fWYAE3C-F_jpg.rf.f5abe1396110e89df0671699d45baf89.jpg,640,640,Stain,540,289,615,397
FzTYi9fWYAE3C-F_jpg.rf.f5abe1396110e89df0671699d45baf89.jpg,640,640,Muddy-Floor,445,513,535,583
ToiletPrint_jpg.rf.992e71330db85090ef09be04bd066112.jpg,640,640,Muddy-Floor,303,332,576,640
ToiletPrint_jpg.rf.992e71330db85090ef09be04bd066112.jpg,640,640,Muddy-Floor,84,404,222,640
ToiletPrint_jpg.rf.992e71330db85090ef09be04bd066112.jpg,640,640,Stain,394,206,423,344
ToiletPrint_jpg.rf.992e71330db85090ef09be04bd066112.jpg,640,640,Stain,29,34,622,639
ToiletPrint_jpg.rf.992e71330db85090ef09be04bd066112.jpg,640,640,Stain,69,156,194,307
ToiletPrint_jpg.rf.992e71330db85090ef09be04bd066112.jpg,640,640,Stain,250,357,351,590
kaliachak-petrolmart-kaliachak-malda-petrol-pumps-jgrhowyelk_jpg.rf.4329ddee475d4a7b2e0c68a1f5bb9548.jpg,640,640,Muddy-Floor,0,273,640,640
kaliachak-petrolmart-kaliachak-malda-petrol-pumps-jgrhowyelk_jpg.rf.4329ddee475d4a7b2e0c68a1f5bb9548.jpg,640,640,Muddy-Floor,341,355,640,513
dirty-toilet-with-no-seat-kalymnos-island-dodecanese-greece-2AEWED8_jpg.rf.a8e363f47a361ace04960adfa6507454.jpg,640,640,Muddy-Floor,0,348,640,602
dirty-toilet-with-no-seat-kalymnos-island-dodecanese-greece-2AEWED8_jpg.rf.a8e363f47a361ace04960adfa6507454.jpg,640,640,Stain,305,317,427,360
dirty-toilet-with-no-seat-kalymnos-island-dodecanese-greece-2AEWED8_jpg.rf.a8e363f47a361ace04960adfa6507454.jpg,640,640,Muddy-Floor,105,295,212,321
maxresdefault_jpg.rf.500fb94cc41948aedec804d5f8be00a7.jpg,640,640,Muddy-Floor,192,40,482,639
maxresdefault_jpg.rf.500fb94cc41948aedec804d5f8be00a7.jpg,640,640,Stain,3,99,191,640
maxresdefault_jpg.rf.500fb94cc41948aedec804d5f8be00a7.jpg,640,640,Stain,438,191,590,640
depositphotos_11817863-stock-photo-toilet-slums-in-bombaby-mumbai_jpg.rf.f1da3385cd61aa1d8981544ba7fee035.jpg,640,640,Muddy-Floor,0,311,640,640
depositphotos_11817863-stock-photo-toilet-slums-in-bombaby-mumbai_jpg.rf.f1da3385cd61aa1d8981544ba7fee035.jpg,640,640,Stain,150,0,532,345
5FC0DA00_JPG.rf.dce462496688487088dfefac6a08a212.jpg,640,640,Muddy-Floor,1,302,640,640
5FC0DA00_JPG.rf.dce462496688487088dfefac6a08a212.jpg,640,640,Stain,227,258,300,308
5FC0DA00_JPG.rf.dce462496688487088dfefac6a08a212.jpg,640,640,Stain,346,229,410,304
5FC0DA00_JPG.rf.dce462496688487088dfefac6a08a212.jpg,640,640,Stain,261,265,371,325
5FC0DA00_JPG.rf.dce462496688487088dfefac6a08a212.jpg,640,640,Stain,0,312,258,356
5FC0DA00_JPG.rf.dce462496688487088dfefac6a08a212.jpg,640,640,Stain,128,252,164,310
5FC0DA00_JPG.rf.dce462496688487088dfefac6a08a212.jpg,640,640,Stain,228,240,287,261
5FC0DA00_JPG.rf.dce462496688487088dfefac6a08a212.jpg,640,640,Stain,99,286,131,317
GBJfNpzWgAAxSkC_jpg.rf.acac6959dd5b2b3551c5511f6a80540c.jpg,640,640,Muddy-Floor,79,441,640,640
GBJfNpzWgAAxSkC_jpg.rf.acac6959dd5b2b3551c5511f6a80540c.jpg,640,640,Stain,58,265,349,605
GBJfNpzWgAAxSkC_jpg.rf.acac6959dd5b2b3551c5511f6a80540c.jpg,640,640,Stain,348,243,640,571
GBJfNpzWgAAxSkC_jpg.rf.acac6959dd5b2b3551c5511f6a80540c.jpg,640,640,Stain,444,212,511,316
GBJfNpzWgAAxSkC_jpg.rf.acac6959dd5b2b3551c5511f6a80540c.jpg,640,640,Stain,239,220,344,282
GBJfNpzWgAAxSkC_jpg.rf.acac6959dd5b2b3551c5511f6a80540c.jpg,640,640,Stain,2,189,245,378
toilet-bharatpur-airport-3_jpg.rf.045a3ef35598b1019553fd2fc2523297.jpg,640,640,Muddy-Floor,84,287,321,640
toilet-bharatpur-airport-3_jpg.rf.045a3ef35598b1019553fd2fc2523297.jpg,640,640,Stain,122,207,317,355
toilet-bharatpur-airport-3_jpg.rf.045a3ef35598b1019553fd2fc2523297.jpg,640,640,Stain,348,275,533,403
toilet-bharatpur-airport-3_jpg.rf.045a3ef35598b1019553fd2fc2523297.jpg,640,640,Stain,113,13,335,109
toilet-bharatpur-airport-3_jpg.rf.045a3ef35598b1019553fd2fc2523297.jpg,640,640,Stain,215,96,297,121
toilet-bharatpur-airport-3_jpg.rf.045a3ef35598b1019553fd2fc2523297.jpg,640,640,Stain,0,543,115,639
74009024c17e0b21d1f08d48399c25c8_jpg.rf.06f962bc947b3cba007bc8c94f940dae.jpg,640,640,Stain,83,162,168,302
74009024c17e0b21d1f08d48399c25c8_jpg.rf.06f962bc947b3cba007bc8c94f940dae.jpg,640,640,Stain,254,342,344,428
74009024c17e0b21d1f08d48399c25c8_jpg.rf.06f962bc947b3cba007bc8c94f940dae.jpg,640,640,Stain,488,415,585,640
varanaesa-eyaraparata-para-gatha-shacalya-ka-vadaya-vayaral_1665296494_jpg.rf.1d87618417ab7fd812b5785ce6c9eeaa.jpg,640,640,Muddy-Floor,153,205,636,640
retrofitting-the-toilet_jpeg.rf.979c2012a30f1bc478246a0ce3b53422.jpg,640,640,Muddy-Floor,0,0,640,640
retrofitting-the-toilet_jpeg.rf.979c2012a30f1bc478246a0ce3b53422.jpg,640,640,Stain,578,0,639,43
retrofitting-the-toilet_jpeg.rf.979c2012a30f1bc478246a0ce3b53422.jpg,640,640,Stain,0,0,219,98
FEyJBlOUYAgarSO_jpg.rf.b91187e62cf3993d262b10745b8d3d5e.jpg,640,640,Muddy-Floor,112,241,436,508
FEyJBlOUYAgarSO_jpg.rf.b91187e62cf3993d262b10745b8d3d5e.jpg,640,640,Stain,87,86,218,383
FEyJBlOUYAgarSO_jpg.rf.b91187e62cf3993d262b10745b8d3d5e.jpg,640,640,Stain,317,219,376,302
FEyJBlOUYAgarSO_jpg.rf.b91187e62cf3993d262b10745b8d3d5e.jpg,640,640,Stain,312,191,380,229
FEyJBlOUYAgarSO_jpg.rf.b91187e62cf3993d262b10745b8d3d5e.jpg,640,640,Stain,315,99,376,195
FEyJBlOUYAgarSO_jpg.rf.b91187e62cf3993d262b10745b8d3d5e.jpg,640,640,Stain,293,51,394,99
FEyJBlOUYAgarSO_jpg.rf.b91187e62cf3993d262b10745b8d3d5e.jpg,640,640,Stain,318,69,383,128
FEyJBlOUYAgarSO_jpg.rf.b91187e62cf3993d262b10745b8d3d5e.jpg,640,640,Muddy-Floor,82,0,295,87
FEyJBlOUYAgarSO_jpg.rf.b91187e62cf3993d262b10745b8d3d5e.jpg,640,640,Muddy-Floor,388,44,462,81
FEyJBlOUYAgarSO_jpg.rf.b91187e62cf3993d262b10745b8d3d5e.jpg,640,640,Stain,357,67,460,295
FEyJBlOUYAgarSO_jpg.rf.b91187e62cf3993d262b10745b8d3d5e.jpg,640,640,Stain,244,215,327,245
FEyJBlOUYAgarSO_jpg.rf.b91187e62cf3993d262b10745b8d3d5e.jpg,640,640,Stain,214,151,306,217
FEyJBlOUYAgarSO_jpg.rf.b91187e62cf3993d262b10745b8d3d5e.jpg,640,640,Stain,202,58,320,180
FEyJBlOUYAgarSO_jpg.rf.b91187e62cf3993d262b10745b8d3d5e.jpg,640,640,Muddy-Floor,0,430,458,640
FEyJBlOUYAgarSO_jpg.rf.b91187e62cf3993d262b10745b8d3d5e.jpg,640,640,Muddy-Floor,0,213,105,475
MoFA-rest-room_jpg.rf.7c41bf60fd47289f872c5a3cffaa1134.jpg,640,640,Muddy-Floor,167,372,579,640
MoFA-rest-room_jpg.rf.7c41bf60fd47289f872c5a3cffaa1134.jpg,640,640,Stain,460,72,546,374
MoFA-rest-room_jpg.rf.7c41bf60fd47289f872c5a3cffaa1134.jpg,640,640,Stain,261,348,300,442
MoFA-rest-room_jpg.rf.7c41bf60fd47289f872c5a3cffaa1134.jpg,640,640,Stain,80,177,164,298
MoFA-rest-room_jpg.rf.7c41bf60fd47289f872c5a3cffaa1134.jpg,640,640,Stain,160,359,249,552
toilets-1_jpg.rf.5f5c351250c1f40db39faa1dbcdffef6.jpg,640,640,Muddy-Floor,69,314,577,640
toilets-1_jpg.rf.5f5c351250c1f40db39faa1dbcdffef6.jpg,640,640,Stain,37,0,640,370
15645556717_0e3665f2ff_k_jpg.rf.b10fc64225759b263cb721679f452a7c.jpg,640,640,Stain,0,20,234,470
15645556717_0e3665f2ff_k_jpg.rf.b10fc64225759b263cb721679f452a7c.jpg,640,640,Stain,1,311,640,640
15645556717_0e3665f2ff_k_jpg.rf.b10fc64225759b263cb721679f452a7c.jpg,640,640,Stain,278,327,446,477
15645556717_0e3665f2ff_k_jpg.rf.b10fc64225759b263cb721679f452a7c.jpg,640,640,Stain,268,197,512,285
15645556717_0e3665f2ff_k_jpg.rf.b10fc64225759b263cb721679f452a7c.jpg,640,640,Stain,379,292,523,522
15645556717_0e3665f2ff_k_jpg.rf.b10fc64225759b263cb721679f452a7c.jpg,640,640,Stain,184,254,295,521
ob-tk278_itoile_h_20120618004246_jpg.rf.70a35b2b7ba8c414fe6fd9cbdf1cfd52.jpg,640,640,Muddy-Floor,1,452,122,639
ob-tk278_itoile_h_20120618004246_jpg.rf.70a35b2b7ba8c414fe6fd9cbdf1cfd52.jpg,640,640,Muddy-Floor,223,475,353,640
ob-tk278_itoile_h_20120618004246_jpg.rf.70a35b2b7ba8c414fe6fd9cbdf1cfd52.jpg,640,640,Muddy-Floor,461,479,624,640
ob-tk278_itoile_h_20120618004246_jpg.rf.70a35b2b7ba8c414fe6fd9cbdf1cfd52.jpg,640,640,Stain,222,133,348,475
ob-tk278_itoile_h_20120618004246_jpg.rf.70a35b2b7ba8c414fe6fd9cbdf1cfd52.jpg,640,640,Stain,2,73,120,539
ob-tk278_itoile_h_20120618004246_jpg.rf.70a35b2b7ba8c414fe6fd9cbdf1cfd52.jpg,640,640,Stain,462,118,640,637
ob-tk278_itoile_h_20120618004246_jpg.rf.70a35b2b7ba8c414fe6fd9cbdf1cfd52.jpg,640,640,Stain,124,294,219,640
ob-tk278_itoile_h_20120618004246_jpg.rf.70a35b2b7ba8c414fe6fd9cbdf1cfd52.jpg,640,640,Stain,353,374,457,640
ob-tk278_itoile_h_20120618004246_jpg.rf.70a35b2b7ba8c414fe6fd9cbdf1cfd52.jpg,640,640,Muddy-Floor,460,0,636,152
pngtree-an-empty-bathroom-that-is-very-dirty-showing-crumbling-walls-picture-image_2638838_jpg.rf.4f34ef0fb116907e3f3b0f76b0dc04fc.jpg,640,640,Muddy-Floor,39,271,640,640
pngtree-an-empty-bathroom-that-is-very-dirty-showing-crumbling-walls-picture-image_2638838_jpg.rf.4f34ef0fb116907e3f3b0f76b0dc04fc.jpg,640,640,Stain,295,0,487,269
pngtree-an-empty-bathroom-that-is-very-dirty-showing-crumbling-walls-picture-image_2638838_jpg.rf.4f34ef0fb116907e3f3b0f76b0dc04fc.jpg,640,640,Muddy-Floor,240,162,331,271
EJPAr_UXUAEQZF3_jpg.rf.6ceb480524e497a04c1f2db04a5dc351.jpg,640,640,Stain,305,189,640,640
EJPAr_UXUAEQZF3_jpg.rf.6ceb480524e497a04c1f2db04a5dc351.jpg,640,640,Stain,1,207,341,543
EJPAr_UXUAEQZF3_jpg.rf.6ceb480524e497a04c1f2db04a5dc351.jpg,640,640,Muddy-Floor,331,268,475,405
EJPAr_UXUAEQZF3_jpg.rf.6ceb480524e497a04c1f2db04a5dc351.jpg,640,640,Stain,271,376,449,596
EJPAr_UXUAEQZF3_jpg.rf.6ceb480524e497a04c1f2db04a5dc351.jpg,640,640,Stain,342,373,525,609
image_jpeg.rf.34d20c16fb401bc15962f7855c9b4d51.jpg,640,640,Muddy-Floor,0,153,640,640
image_jpeg.rf.34d20c16fb401bc15962f7855c9b4d51.jpg,640,640,Muddy-Floor,136,301,488,520
image_jpeg.rf.34d20c16fb401bc15962f7855c9b4d51.jpg,640,640,Stain,143,58,514,186
DSC01241_JPG.rf.57652cf285b1938d1acac47f621073cf.jpg,640,640,Stain,14,131,639,640
DSC01241_JPG.rf.57652cf285b1938d1acac47f621073cf.jpg,640,640,Muddy-Floor,115,546,534,604
DSC01241_JPG.rf.57652cf285b1938d1acac47f621073cf.jpg,640,640,Muddy-Floor,89,600,555,640
DSC01241_JPG.rf.57652cf285b1938d1acac47f621073cf.jpg,640,640,Stain,0,191,81,425
DPFTG-nW0AAP1Ov_jpeg.rf.ff144cd2e8d6216612bef0af4a2fe172.jpg,640,640,Muddy-Floor,2,469,639,640
DPFTG-nW0AAP1Ov_jpeg.rf.ff144cd2e8d6216612bef0af4a2fe172.jpg,640,640,Stain,325,159,579,494
DPFTG-nW0AAP1Ov_jpeg.rf.ff144cd2e8d6216612bef0af4a2fe172.jpg,640,640,Stain,15,178,285,466
DPFTG-nW0AAP1Ov_jpeg.rf.ff144cd2e8d6216612bef0af4a2fe172.jpg,640,640,Muddy-Floor,64,406,279,479
DPFTG-nW0AAP1Ov_jpeg.rf.ff144cd2e8d6216612bef0af4a2fe172.jpg,640,640,Muddy-Floor,339,426,569,492
maxres2_jpg.rf.d2da55e0bab24f0cff1de93bdc8acaad.jpg,640,640,Stain,348,0,423,560
maxres2_jpg.rf.d2da55e0bab24f0cff1de93bdc8acaad.jpg,640,640,Stain,276,238,355,459
maxres2_jpg.rf.d2da55e0bab24f0cff1de93bdc8acaad.jpg,640,640,Muddy-Floor,235,430,423,612
maxres2_jpg.rf.d2da55e0bab24f0cff1de93bdc8acaad.jpg,640,640,Stain,263,64,356,265
photo-2-_jpg.rf.9c7378d593f0e43c1b9869e595dfe325.jpg,640,640,Stain,242,95,327,422
photo-2-_jpg.rf.9c7378d593f0e43c1b9869e595dfe325.jpg,640,640,Stain,0,290,89,572
photo-2-_jpg.rf.9c7378d593f0e43c1b9869e595dfe325.jpg,640,640,Stain,573,123,640,480
photo-2-_jpg.rf.9c7378d593f0e43c1b9869e595dfe325.jpg,640,640,Stain,429,366,569,510
photo-2-_jpg.rf.9c7378d593f0e43c1b9869e595dfe325.jpg,640,640,Stain,235,376,422,625
photo-2-_jpg.rf.9c7378d593f0e43c1b9869e595dfe325.jpg,640,640,Stain,133,273,197,640
photo-2-_jpg.rf.9c7378d593f0e43c1b9869e595dfe325.jpg,640,640,Muddy-Floor,238,394,640,640
portable-toilet-in-the-community-indira-camp-part-ii-barapullah-sub-basin-delhi_jpg.rf.e9765bdf885c232712c3f6059da805cb.jpg,640,640,Stain,393,290,631,570
portable-toilet-in-the-community-indira-camp-part-ii-barapullah-sub-basin-delhi_jpg.rf.e9765bdf885c232712c3f6059da805cb.jpg,640,640,Stain,129,347,268,484
portable-toilet-in-the-community-indira-camp-part-ii-barapullah-sub-basin-delhi_jpg.rf.e9765bdf885c232712c3f6059da805cb.jpg,640,640,Muddy-Floor,0,454,585,640
portable-toilet-in-the-community-indira-camp-part-ii-barapullah-sub-basin-delhi_jpg.rf.e9765bdf885c232712c3f6059da805cb.jpg,640,640,Stain,344,0,416,303
portable-toilet-in-the-community-indira-camp-part-ii-barapullah-sub-basin-delhi_jpg.rf.e9765bdf885c232712c3f6059da805cb.jpg,640,640,Stain,62,246,259,431
portable-toilet-in-the-community-indira-camp-part-ii-barapullah-sub-basin-delhi_jpg.rf.e9765bdf885c232712c3f6059da805cb.jpg,640,640,Stain,489,69,550,295
portable-toilet-in-the-community-indira-camp-part-ii-barapullah-sub-basin-delhi_jpg.rf.e9765bdf885c232712c3f6059da805cb.jpg,640,640,Stain,0,387,71,555
portable-toilet-in-the-community-indira-camp-part-ii-barapullah-sub-basin-delhi_jpg.rf.e9765bdf885c232712c3f6059da805cb.jpg,640,640,Stain,6,5,138,287
portable-toilet-in-the-community-indira-camp-part-ii-barapullah-sub-basin-delhi_jpg.rf.e9765bdf885c232712c3f6059da805cb.jpg,640,640,Stain,245,24,289,287
portable-toilet-in-the-community-indira-camp-part-ii-barapullah-sub-basin-delhi_jpg.rf.e9765bdf885c232712c3f6059da805cb.jpg,640,640,Stain,539,35,638,366
1_dirty_toilet_by_woodmillmiles_dvgh6x-fullview_jpg.rf.82171c3e9b8f97f64e5a2386b3960fec.jpg,640,640,Muddy-Floor,115,375,640,640
1_dirty_toilet_by_woodmillmiles_dvgh6x-fullview_jpg.rf.82171c3e9b8f97f64e5a2386b3960fec.jpg,640,640,Muddy-Floor,124,313,474,586
1_dirty_toilet_by_woodmillmiles_dvgh6x-fullview_jpg.rf.82171c3e9b8f97f64e5a2386b3960fec.jpg,640,640,Muddy-Floor,279,486,460,618
1_dirty_toilet_by_woodmillmiles_dvgh6x-fullview_jpg.rf.82171c3e9b8f97f64e5a2386b3960fec.jpg,640,640,Muddy-Floor,414,275,640,378
1_dirty_toilet_by_woodmillmiles_dvgh6x-fullview_jpg.rf.82171c3e9b8f97f64e5a2386b3960fec.jpg,640,640,Muddy-Floor,0,196,176,294
1_dirty_toilet_by_woodmillmiles_dvgh6x-fullview_jpg.rf.82171c3e9b8f97f64e5a2386b3960fec.jpg,640,640,Muddy-Floor,27,30,97,52
1_dirty_toilet_by_woodmillmiles_dvgh6x-fullview_jpg.rf.82171c3e9b8f97f64e5a2386b3960fec.jpg,640,640,Stain,542,0,638,186
1_dirty_toilet_by_woodmillmiles_dvgh6x-fullview_jpg.rf.82171c3e9b8f97f64e5a2386b3960fec.jpg,640,640,Muddy-Floor,230,69,417,268
1_dirty_toilet_by_woodmillmiles_dvgh6x-fullview_jpg.rf.82171c3e9b8f97f64e5a2386b3960fec.jpg,640,640,Muddy-Floor,356,13,577,134
1_dirty_toilet_by_woodmillmiles_dvgh6x-fullview_jpg.rf.82171c3e9b8f97f64e5a2386b3960fec.jpg,640,640,Muddy-Floor,154,48,247,90
1_dirty_toilet_by_woodmillmiles_dvgh6x-fullview_jpg.rf.82171c3e9b8f97f64e5a2386b3960fec.jpg,640,640,Stain,0,233,116,494
tandas-sekolah-and-tandas-awam-be-like-v0-dwzlbbtet56b1_png.rf.c7424022be81957020c09a7b88eb4dbf.jpg,640,640,Stain,10,366,157,480
tandas-sekolah-and-tandas-awam-be-like-v0-dwzlbbtet56b1_png.rf.c7424022be81957020c09a7b88eb4dbf.jpg,640,640,Stain,67,395,111,449
tandas-sekolah-and-tandas-awam-be-like-v0-dwzlbbtet56b1_png.rf.c7424022be81957020c09a7b88eb4dbf.jpg,640,640,Stain,0,324,158,387
tandas-sekolah-and-tandas-awam-be-like-v0-dwzlbbtet56b1_png.rf.c7424022be81957020c09a7b88eb4dbf.jpg,640,640,Stain,0,518,205,640
tandas-sekolah-and-tandas-awam-be-like-v0-dwzlbbtet56b1_png.rf.c7424022be81957020c09a7b88eb4dbf.jpg,640,640,Stain,0,504,151,564
tandas-sekolah-and-tandas-awam-be-like-v0-dwzlbbtet56b1_png.rf.c7424022be81957020c09a7b88eb4dbf.jpg,640,640,Muddy-Floor,151,589,208,640
tandas-sekolah-and-tandas-awam-be-like-v0-dwzlbbtet56b1_png.rf.c7424022be81957020c09a7b88eb4dbf.jpg,640,640,Muddy-Floor,265,467,640,640
tandas-sekolah-and-tandas-awam-be-like-v0-dwzlbbtet56b1_png.rf.c7424022be81957020c09a7b88eb4dbf.jpg,640,640,Stain,305,328,640,603
tandas-sekolah-and-tandas-awam-be-like-v0-dwzlbbtet56b1_png.rf.c7424022be81957020c09a7b88eb4dbf.jpg,640,640,Muddy-Floor,21,53,629,319
tandas-sekolah-and-tandas-awam-be-like-v0-dwzlbbtet56b1_png.rf.c7424022be81957020c09a7b88eb4dbf.jpg,640,640,Stain,101,106,379,298
tandas-sekolah-and-tandas-awam-be-like-v0-dwzlbbtet56b1_png.rf.c7424022be81957020c09a7b88eb4dbf.jpg,640,640,Stain,0,1,640,316
2019_10-largeimg09_Wednesday_2019_084339836_jpg.rf.09bbe7ef2f665ab6d85818c1dd825111.jpg,640,640,Stain,101,393,166,509
2019_10-largeimg09_Wednesday_2019_084339836_jpg.rf.09bbe7ef2f665ab6d85818c1dd825111.jpg,640,640,Stain,128,256,460,640
2019_10-largeimg09_Wednesday_2019_084339836_jpg.rf.09bbe7ef2f665ab6d85818c1dd825111.jpg,640,640,Stain,299,214,335,272
2019_10-largeimg09_Wednesday_2019_084339836_jpg.rf.09bbe7ef2f665ab6d85818c1dd825111.jpg,640,640,Muddy-Floor,561,189,635,389
2019_10-largeimg09_Wednesday_2019_084339836_jpg.rf.09bbe7ef2f665ab6d85818c1dd825111.jpg,640,640,Muddy-Floor,532,382,640,640
2019_10-largeimg09_Wednesday_2019_084339836_jpg.rf.09bbe7ef2f665ab6d85818c1dd825111.jpg,640,640,Stain,146,0,223,331
2019_10-largeimg09_Wednesday_2019_084339836_jpg.rf.09bbe7ef2f665ab6d85818c1dd825111.jpg,640,640,Muddy-Floor,452,456,500,640
2019_10-largeimg09_Wednesday_2019_084339836_jpg.rf.09bbe7ef2f665ab6d85818c1dd825111.jpg,640,640,Muddy-Floor,394,482,441,556
2019_10-largeimg09_Wednesday_2019_084339836_jpg.rf.09bbe7ef2f665ab6d85818c1dd825111.jpg,640,640,Stain,368,626,383,640
2019_10-largeimg09_Wednesday_2019_084339836_jpg.rf.09bbe7ef2f665ab6d85818c1dd825111.jpg,640,640,Stain,473,311,543,437
DioNOd0UEAArB7h_jpeg.rf.79c623cf9023f1487528ac2d83cdbece.jpg,640,640,Muddy-Floor,220,186,337,353
DioNOd0UEAArB7h_jpeg.rf.79c623cf9023f1487528ac2d83cdbece.jpg,640,640,Muddy-Floor,72,113,507,338
DioNOd0UEAArB7h_jpeg.rf.79c623cf9023f1487528ac2d83cdbece.jpg,640,640,Stain,20,48,623,498
DioNOd0UEAArB7h_jpeg.rf.79c623cf9023f1487528ac2d83cdbece.jpg,640,640,Stain,283,390,330,424
DioNOd0UEAArB7h_jpeg.rf.79c623cf9023f1487528ac2d83cdbece.jpg,640,640,Stain,0,348,207,573
DioNOd0UEAArB7h_jpeg.rf.79c623cf9023f1487528ac2d83cdbece.jpg,640,640,Muddy-Floor,86,487,545,639
49459875252_253d66a82d_k_jpg.rf.f8675b5e6bcc3986429f03c6319be268.jpg,640,640,Stain,223,314,368,407
49459875252_253d66a82d_k_jpg.rf.f8675b5e6bcc3986429f03c6319be268.jpg,640,640,Muddy-Floor,85,356,639,640
49459875252_253d66a82d_k_jpg.rf.f8675b5e6bcc3986429f03c6319be268.jpg,640,640,Stain,0,3,640,398
114020458_44e93d1ca4_b_jpg.rf.57d2e2e8f65a20bf7c71534295116977.jpg,640,640,Muddy-Floor,117,378,279,498
114020458_44e93d1ca4_b_jpg.rf.57d2e2e8f65a20bf7c71534295116977.jpg,640,640,Muddy-Floor,234,298,301,403
2069482252_2504f5692a_o_jpg.rf.56c48bebbb66ec0ead4d6d26debe25f9.jpg,640,640,Stain,152,68,640,577
2069482252_2504f5692a_o_jpg.rf.56c48bebbb66ec0ead4d6d26debe25f9.jpg,640,640,Stain,545,112,631,320
2069482252_2504f5692a_o_jpg.rf.56c48bebbb66ec0ead4d6d26debe25f9.jpg,640,640,Stain,0,163,247,461
2069482252_2504f5692a_o_jpg.rf.56c48bebbb66ec0ead4d6d26debe25f9.jpg,640,640,Stain,194,272,326,436
606C618B_JPG.rf.4200e6d25e751f1c1d08f4e0b6893e0d.jpg,640,640,Muddy-Floor,135,127,501,468
606C618B_JPG.rf.4200e6d25e751f1c1d08f4e0b6893e0d.jpg,640,640,Muddy-Floor,0,0,640,551
3615241763_e910ea22b5_k_jpg.rf.da2f7d6de2b1d5d1e6ad92b63c02b753.jpg,640,640,Stain,279,67,460,168
3615241763_e910ea22b5_k_jpg.rf.da2f7d6de2b1d5d1e6ad92b63c02b753.jpg,640,640,Stain,130,63,479,500
3615241763_e910ea22b5_k_jpg.rf.da2f7d6de2b1d5d1e6ad92b63c02b753.jpg,640,640,Stain,446,146,529,384
3615241763_e910ea22b5_k_jpg.rf.da2f7d6de2b1d5d1e6ad92b63c02b753.jpg,640,640,Stain,572,395,640,447
3615241763_e910ea22b5_k_jpg.rf.da2f7d6de2b1d5d1e6ad92b63c02b753.jpg,640,640,Muddy-Floor,613,114,635,243
3615241763_e910ea22b5_k_jpg.rf.da2f7d6de2b1d5d1e6ad92b63c02b753.jpg,640,640,Stain,360,185,419,216
127258254_9caf5c6ee4_k_jpg.rf.487d4f49770993e7d650d49d6e9c63dc.jpg,640,640,Muddy-Floor,0,148,543,640
pankaj-hotel-1-_jpg.rf.085a8097669128ca1163cb51403434c7.jpg,640,640,Stain,151,171,640,640
pankaj-hotel-1-_jpg.rf.085a8097669128ca1163cb51403434c7.jpg,640,640,Stain,0,33,170,636
pankaj-hotel-1-_jpg.rf.085a8097669128ca1163cb51403434c7.jpg,640,640,Stain,215,4,599,219
704706528_82b4942565_o_jpg.rf.d3b43c22e06d682d80573e5e8c370885.jpg,640,640,Muddy-Floor,266,397,456,592
704706528_82b4942565_o_jpg.rf.d3b43c22e06d682d80573e5e8c370885.jpg,640,640,Muddy-Floor,95,225,200,388
704706528_82b4942565_o_jpg.rf.d3b43c22e06d682d80573e5e8c370885.jpg,640,640,Muddy-Floor,0,483,114,640
704706528_82b4942565_o_jpg.rf.d3b43c22e06d682d80573e5e8c370885.jpg,640,640,Muddy-Floor,202,358,266,510
704706528_82b4942565_o_jpg.rf.d3b43c22e06d682d80573e5e8c370885.jpg,640,640,Muddy-Floor,412,372,624,640
104613564_cf92ef4497_k_jpg.rf.307511dec5d007a96b955e5917242af3.jpg,640,640,Stain,203,377,441,478
104613564_cf92ef4497_k_jpg.rf.307511dec5d007a96b955e5917242af3.jpg,640,640,Stain,0,192,346,640
104613564_cf92ef4497_k_jpg.rf.307511dec5d007a96b955e5917242af3.jpg,640,640,Stain,195,477,258,569
104613564_cf92ef4497_k_jpg.rf.307511dec5d007a96b955e5917242af3.jpg,640,640,Stain,420,174,494,229
104613564_cf92ef4497_k_jpg.rf.307511dec5d007a96b955e5917242af3.jpg,640,640,Stain,170,271,409,409
pngtree-dirty-and-dirty-bathroom-with-a-toilet-picture-image_2638837_jpg.rf.c55e7035f3ece1204a18c9885a31b4ff.jpg,640,640,Muddy-Floor,0,0,618,640
pngtree-dirty-and-dirty-bathroom-with-a-toilet-picture-image_2638837_jpg.rf.c55e7035f3ece1204a18c9885a31b4ff.jpg,640,640,Stain,299,175,365,267
pngtree-dirty-and-dirty-bathroom-with-a-toilet-picture-image_2638837_jpg.rf.c55e7035f3ece1204a18c9885a31b4ff.jpg,640,640,Muddy-Floor,203,0,328,135
3838C59300000578-0-image-a-6_1473633622355_jpg.rf.a118f367a8f44bacf8b54900616d33a6.jpg,640,640,Stain,18,255,211,640
3838C59300000578-0-image-a-6_1473633622355_jpg.rf.a118f367a8f44bacf8b54900616d33a6.jpg,640,640,Stain,424,283,595,640
3838C59300000578-0-image-a-6_1473633622355_jpg.rf.a118f367a8f44bacf8b54900616d33a6.jpg,640,640,Stain,209,219,319,621
3838C59300000578-0-image-a-6_1473633622355_jpg.rf.a118f367a8f44bacf8b54900616d33a6.jpg,640,640,Stain,315,410,347,581
3838C59300000578-0-image-a-6_1473633622355_jpg.rf.a118f367a8f44bacf8b54900616d33a6.jpg,640,640,Stain,357,373,407,599
3838C59300000578-0-image-a-6_1473633622355_jpg.rf.a118f367a8f44bacf8b54900616d33a6.jpg,640,640,Stain,153,76,210,253
3838C59300000578-0-image-a-6_1473633622355_jpg.rf.a118f367a8f44bacf8b54900616d33a6.jpg,640,640,Stain,120,597,208,640
5066443e-38d0-11e9-a334-8d034d5595df_image_hires_133757_jpg.rf.a33492c36a8ac725a3acb1bb47569e15.jpg,640,640,Stain,339,12,638,524
5066443e-38d0-11e9-a334-8d034d5595df_image_hires_133757_jpg.rf.a33492c36a8ac725a3acb1bb47569e15.jpg,640,640,Muddy-Floor,324,498,542,640
5066443e-38d0-11e9-a334-8d034d5595df_image_hires_133757_jpg.rf.a33492c36a8ac725a3acb1bb47569e15.jpg,640,640,Stain,250,1,377,640
5066443e-38d0-11e9-a334-8d034d5595df_image_hires_133757_jpg.rf.a33492c36a8ac725a3acb1bb47569e15.jpg,640,640,Muddy-Floor,75,484,255,639
5066443e-38d0-11e9-a334-8d034d5595df_image_hires_133757_jpg.rf.a33492c36a8ac725a3acb1bb47569e15.jpg,640,640,Muddy-Floor,0,0,209,640
5066443e-38d0-11e9-a334-8d034d5595df_image_hires_133757_jpg.rf.a33492c36a8ac725a3acb1bb47569e15.jpg,640,640,Stain,537,368,589,640
r0tp7svnstpb1_jpg.rf.2d31a2a7ad13151cde726a3c806e5520.jpg,640,640,Stain,26,434,198,638
r0tp7svnstpb1_jpg.rf.2d31a2a7ad13151cde726a3c806e5520.jpg,640,640,Muddy-Floor,78,496,237,640
r0tp7svnstpb1_jpg.rf.2d31a2a7ad13151cde726a3c806e5520.jpg,640,640,Stain,226,399,319,469
r0tp7svnstpb1_jpg.rf.2d31a2a7ad13151cde726a3c806e5520.jpg,640,640,Stain,218,355,238,402
r0tp7svnstpb1_jpg.rf.2d31a2a7ad13151cde726a3c806e5520.jpg,640,640,Stain,397,421,520,574
r0tp7svnstpb1_jpg.rf.2d31a2a7ad13151cde726a3c806e5520.jpg,640,640,Stain,314,375,366,430
r0tp7svnstpb1_jpg.rf.2d31a2a7ad13151cde726a3c806e5520.jpg,640,640,Stain,529,418,640,573
r0tp7svnstpb1_jpg.rf.2d31a2a7ad13151cde726a3c806e5520.jpg,640,640,Stain,512,533,540,588
r0tp7svnstpb1_jpg.rf.2d31a2a7ad13151cde726a3c806e5520.jpg,640,640,Stain,238,445,607,640
worst-pho-ever_jpg.rf.bfd86b01da93b939c7bc3733ea5c890e.jpg,640,640,Muddy-Floor,9,106,591,639
worst-pho-ever_jpg.rf.bfd86b01da93b939c7bc3733ea5c890e.jpg,640,640,Muddy-Floor,385,14,544,227
637EF93E_JPEG.rf.fe7fc20c7562d239584c9c10830f100c.jpg,640,640,Stain,0,203,572,345
smell-as-signage_jpg.rf.d5f7aefad9fda5153b8064390d3fd4db.jpg,640,640,Muddy-Floor,1,318,501,637
smell-as-signage_jpg.rf.d5f7aefad9fda5153b8064390d3fd4db.jpg,640,640,Stain,1,0,640,478
smell-as-signage_jpg.rf.d5f7aefad9fda5153b8064390d3fd4db.jpg,640,640,Stain,464,353,640,625
6035788933_f2fdef7b26_b_jpg.rf.41740ff15bee0f6c33f10843a6e846c6.jpg,640,640,Muddy-Floor,0,289,632,640
6035788933_f2fdef7b26_b_jpg.rf.41740ff15bee0f6c33f10843a6e846c6.jpg,640,640,Stain,193,216,283,279
6035788933_f2fdef7b26_b_jpg.rf.41740ff15bee0f6c33f10843a6e846c6.jpg,640,640,Muddy-Floor,338,259,416,329
6035788933_f2fdef7b26_b_jpg.rf.41740ff15bee0f6c33f10843a6e846c6.jpg,640,640,Muddy-Floor,258,351,440,516
2023_7-largeimg_1148079175_jpg.rf.ed6ed68bb351a9951db8c1373d1d59bf.jpg,640,640,Stain,12,53,175,475
2023_7-largeimg_1148079175_jpg.rf.ed6ed68bb351a9951db8c1373d1d59bf.jpg,640,640,Stain,256,58,300,415
2023_7-largeimg_1148079175_jpg.rf.ed6ed68bb351a9951db8c1373d1d59bf.jpg,640,640,Stain,120,89,519,640
2023_7-largeimg_1148079175_jpg.rf.ed6ed68bb351a9951db8c1373d1d59bf.jpg,640,640,Muddy-Floor,367,446,640,640
2023_7-largeimg_1148079175_jpg.rf.ed6ed68bb351a9951db8c1373d1d59bf.jpg,640,640,Stain,433,193,486,504
2023_7-largeimg_1148079175_jpg.rf.ed6ed68bb351a9951db8c1373d1d59bf.jpg,640,640,Stain,116,423,135,458
2023_7-largeimg_1148079175_jpg.rf.ed6ed68bb351a9951db8c1373d1d59bf.jpg,640,640,Stain,74,390,94,471
2023_7-largeimg_1148079175_jpg.rf.ed6ed68bb351a9951db8c1373d1d59bf.jpg,640,640,Stain,577,172,620,209
2023_7-largeimg_1148079175_jpg.rf.ed6ed68bb351a9951db8c1373d1d59bf.jpg,640,640,Stain,515,320,574,464
DSC4227_2011-copy_edited-1_jpg.rf.aa67081c5d788afceb8561bd9a0a5a1b.jpg,640,640,Stain,185,209,288,640
DSC4227_2011-copy_edited-1_jpg.rf.aa67081c5d788afceb8561bd9a0a5a1b.jpg,640,640,Muddy-Floor,277,252,380,389
DSC4227_2011-copy_edited-1_jpg.rf.aa67081c5d788afceb8561bd9a0a5a1b.jpg,640,640,Muddy-Floor,367,247,439,387
DSC4227_2011-copy_edited-1_jpg.rf.aa67081c5d788afceb8561bd9a0a5a1b.jpg,640,640,Stain,443,429,549,640
DSC4227_2011-copy_edited-1_jpg.rf.aa67081c5d788afceb8561bd9a0a5a1b.jpg,640,640,Stain,231,136,437,191
DSC4227_2011-copy_edited-1_jpg.rf.aa67081c5d788afceb8561bd9a0a5a1b.jpg,640,640,Stain,268,221,358,276
DSC4227_2011-copy_edited-1_jpg.rf.aa67081c5d788afceb8561bd9a0a5a1b.jpg,640,640,Muddy-Floor,292,408,365,608
DSC4227_2011-copy_edited-1_jpg.rf.aa67081c5d788afceb8561bd9a0a5a1b.jpg,640,640,Muddy-Floor,428,336,533,498
mold1_jpg.rf.423674f80db11460e8c40c8a169a9ce9.jpg,640,640,Muddy-Floor,44,63,640,640